{"Train Loss": 0.011711055797565243, "Train Accuracy": 99.45652173913044, "Test Loss": 0.9708304064614433, "Test Accuracy": 76.19047619047619, "Test AUC": 0.7727272727272727, "Test Sensitivity": 0.8, "Test Specificity": 0.7272727272727273, "Test F1": 0.7619047619047619, "Test Recall": 0.7619047619047619, "Test Precision": 0.7619047619047619, "Best Test Accuracy": 80.95238095238095, "Best Test AUC": 0.8090909090909091, "Best Test Sensitivity": 1.0, "Best Test Specificity": 0.6363636363636364, "_timestamp": 1692205025.0472746, "_runtime": 41.64020752906799, "_step": 99, "_wandb": {"runtime": 39}}