{"Train Loss": 0.025369313481735857, "Train Accuracy": 100.0, "Test Loss": 1.2166371694425258, "Test Accuracy": 68.29268292682927, "Test AUC": 0.7194976076555024, "Test Sensitivity": 0.7105263157894737, "Test Specificity": 0.6590909090909091, "Test F1": 0.6829268292682927, "Test Recall": 0.6829268292682927, "Test Precision": 0.6829268292682927, "Best Test Accuracy": 73.17073170731707, "Best Test AUC": 0.7350478468899521, "Best Test Sensitivity": 0.7105263157894737, "Best Test Specificity": 0.75, "_timestamp": 1692198588.6413908, "_runtime": 68.35890078544617, "_step": 99, "_wandb": {"runtime": 66}}