{"Train Loss": 0.1711554618322686, "Train Accuracy": 97.26027397260275, "Test Loss": 0.7230568440949044, "Test Accuracy": 63.41463414634146, "Test AUC": 0.722488038277512, "Test Sensitivity": 0.5526315789473685, "Test Specificity": 0.7045454545454546, "Test F1": 0.6341463414634146, "Test Recall": 0.6341463414634146, "Test Precision": 0.6341463414634146, "Best Test Accuracy": 71.95121951219512, "Best Test AUC": 0.7141148325358851, "Best Test Sensitivity": 0.6052631578947368, "Best Test Specificity": 0.8181818181818182, "_timestamp": 1692171414.1475077, "_runtime": 73.77637267112732, "_step": 99, "_wandb": {"runtime": 72}}