{"Train Loss": 0.5707239586374034, "Train Accuracy": 71.19565217391305, "Test Loss": 0.6408331706410363, "Test Accuracy": 76.19047619047619, "Test AUC": 0.6636363636363636, "Test Sensitivity": 1.0, "Test Specificity": 0.5454545454545454, "Test F1": 0.7619047619047619, "Test Recall": 0.7619047619047619, "Test Precision": 0.7619047619047619, "Best Test Accuracy": 76.19047619047619, "Best Test AUC": 0.6454545454545454, "Best Test Sensitivity": 1.0, "Best Test Specificity": 0.5454545454545454, "_timestamp": 1692199371.6233122, "_runtime": 73.66485023498535, "_step": 99, "_wandb": {"runtime": 72}}