{"Train Loss": 0.0008218345243471024, "Train Accuracy": 100.0, "Test Loss": 2.081039991320633, "Test Accuracy": 64.63414634146342, "Test AUC": 0.6834834834834834, "Test Sensitivity": 0.5777777777777777, "Test Specificity": 0.7297297297297297, "Test F1": 0.6463414634146342, "Test Recall": 0.6463414634146342, "Test Precision": 0.6463414634146342, "Best Test Accuracy": 67.07317073170732, "Best Test AUC": 0.684084084084084, "Best Test Sensitivity": 0.6, "Best Test Specificity": 0.7567567567567568, "_timestamp": 1692205177.5677245, "_runtime": 147.309588432312, "_step": 99, "_wandb": {"runtime": 145}}