{"Train Loss": 0.002890877561541657, "Train Accuracy": 100.0, "Test Loss": 1.103421077495668, "Test Accuracy": 74.39024390243902, "Test AUC": 0.7870813397129187, "Test Sensitivity": 0.7894736842105263, "Test Specificity": 0.7045454545454546, "Test F1": 0.7439024390243903, "Test Recall": 0.7439024390243902, "Test Precision": 0.7439024390243902, "Best Test Accuracy": 80.48780487804878, "Best Test AUC": 0.8289473684210525, "Best Test Sensitivity": 0.7894736842105263, "Best Test Specificity": 0.8181818181818182, "_timestamp": 1692247009.6334097, "_runtime": 75.46944665908813, "_step": 99, "_wandb": {"runtime": 73}}