{"Train Loss": 0.27020095347833, "Train Accuracy": 89.8678414433013, "Test Loss": 1.1245468158533078, "Test Accuracy": 58.415841584158414, "Test AUC": 0.6016483516483517, "Test Sensitivity": 0.5510204081632653, "Test Specificity": 0.6153846153846154, "Test F1": 0.5841584158415841, "Test Recall": 0.5841584158415841, "Test Precision": 0.5841584158415841, "Best Test Accuracy": 60.396039603960396, "Best Test AUC": 0.5937990580847724, "Best Test Sensitivity": 0.4489795918367347, "Best Test Specificity": 0.75, "_timestamp": 1692197219.5326571, "_runtime": 93.28959918022156, "_step": 99, "_wandb": {"runtime": 91}}