{"Train Loss": 0.6170603729274174, "Train Accuracy": 67.67123287671232, "Test Loss": 0.6649180796088242, "Test Accuracy": 60.97560975609756, "Test AUC": 0.6684684684684685, "Test Sensitivity": 0.4888888888888889, "Test Specificity": 0.7567567567567568, "Test F1": 0.6097560975609756, "Test Recall": 0.6097560975609756, "Test Precision": 0.6097560975609756, "Best Test Accuracy": 63.41463414634146, "Best Test AUC": 0.6666666666666667, "Best Test Sensitivity": 0.5111111111111111, "Best Test Specificity": 0.7837837837837838, "_timestamp": 1692165536.1348486, "_runtime": 287.1210525035858, "_step": 99, "_wandb": {"runtime": 285}}