{"Train Loss": 0.6648443352686215, "Train Accuracy": 63.83561643835616, "Test Loss": 0.6726267744855183, "Test Accuracy": 60.97560975609756, "Test AUC": 0.6238038277511962, "Test Sensitivity": 0.3684210526315789, "Test Specificity": 0.8181818181818182, "Test F1": 0.6097560975609756, "Test Recall": 0.6097560975609756, "Test Precision": 0.6097560975609756, "Best Test Accuracy": 70.73170731707317, "Best Test AUC": 0.7177033492822966, "Best Test Sensitivity": 0.5526315789473685, "Best Test Specificity": 0.8409090909090909, "_timestamp": 1692167117.2348723, "_runtime": 89.8933413028717, "_step": 99, "_wandb": {"runtime": 86}}