{"Train Loss": 0.6244583749561058, "Train Accuracy": 69.05286350334268, "Test Loss": 0.7099033818386569, "Test Accuracy": 54.45544554455446, "Test AUC": 0.5243328100470958, "Test Sensitivity": 0.5510204081632653, "Test Specificity": 0.5384615384615384, "Test F1": 0.5445544554455446, "Test Recall": 0.5445544554455446, "Test Precision": 0.5445544554455446, "Best Test Accuracy": 55.445544554455445, "Best Test AUC": 0.5231554160125589, "Best Test Sensitivity": 0.5918367346938775, "Best Test Specificity": 0.5192307692307693, "_timestamp": 1692163134.3452783, "_runtime": 108.21421432495117, "_step": 99, "_wandb": {"runtime": 106}}