{"Train Loss": 0.5241727336593296, "Train Accuracy": 83.69565217391305, "Test Loss": 0.6730693521953764, "Test Accuracy": 47.61904761904762, "Test AUC": 0.6909090909090909, "Test Sensitivity": 0.8, "Test Specificity": 0.18181818181818182, "Test F1": 0.47619047619047616, "Test Recall": 0.47619047619047616, "Test Precision": 0.47619047619047616, "Best Test Accuracy": 52.38095238095238, "Best Test AUC": 0.6909090909090909, "Best Test Sensitivity": 1.0, "Best Test Specificity": 0.09090909090909091, "_timestamp": 1692170332.478111, "_runtime": 42.445785999298096, "_step": 99, "_wandb": {"runtime": 40}}