{"Train Loss": 0.26859460098350363, "Train Accuracy": 91.52542374056918, "Test Loss": 0.9099461218205894, "Test Accuracy": 58.53658536585366, "Best Test Accuracy": 62.19512195121951, "Test AUC": 0.546691403834261, "Test Sensitivity": 0.36363636363636365, "Test Specificity": 0.7346938775510204, "Test F1": 0.5853658536585366, "Test Recall": 0.5853658536585366, "Test Precision": 0.5853658536585366, "_timestamp": 1692081455.265293, "_runtime": 116.4066309928894, "_step": 99, "_wandb": {"runtime": 114}}