{"Train Loss": 0.6079217339215214, "Train Accuracy": 70.82191780821918, "Test Loss": 0.67378380531218, "Test Accuracy": 60.97560975609756, "Test AUC": 0.6726726726726727, "Test Sensitivity": 0.4222222222222222, "Test Specificity": 0.8378378378378378, "Test F1": 0.6097560975609756, "Test Recall": 0.6097560975609756, "Test Precision": 0.6097560975609756, "Best Test Accuracy": 64.63414634146342, "Best Test AUC": 0.6510510510510511, "Best Test Sensitivity": 0.9555555555555556, "Best Test Specificity": 0.2702702702702703, "_timestamp": 1692166421.2828727, "_runtime": 289.04700660705566, "_step": 99, "_wandb": {"runtime": 287}}