{"Train Loss": 0.5380445200464, "Train Accuracy": 82.6086956521739, "Test Loss": 0.6647334638096037, "Test Accuracy": 57.142857142857146, "Test AUC": 0.7363636363636363, "Test Sensitivity": 0.9, "Test Specificity": 0.2727272727272727, "Test F1": 0.5714285714285714, "Test Recall": 0.5714285714285714, "Test Precision": 0.5714285714285714, "Best Test Accuracy": 61.904761904761905, "Best Test AUC": 0.7363636363636363, "Best Test Sensitivity": 1.0, "Best Test Specificity": 0.2727272727272727, "_timestamp": 1692170376.450618, "_runtime": 37.52380013465881, "_step": 99, "_wandb": {"runtime": 35}}