{"Train Loss": 0.0008564571136359942, "Train Accuracy": 100.0, "Test Loss": 1.8964365344670624, "Test Accuracy": 69.51219512195122, "Test AUC": 0.7099099099099099, "Test Sensitivity": 0.6444444444444445, "Test Specificity": 0.7567567567567568, "Test F1": 0.6951219512195121, "Test Recall": 0.6951219512195121, "Test Precision": 0.6951219512195121, "Best Test Accuracy": 70.73170731707317, "Best Test AUC": 0.7303303303303303, "Best Test Sensitivity": 0.6888888888888889, "Best Test Specificity": 0.7297297297297297, "_timestamp": 1692247187.7285016, "_runtime": 172.27571654319763, "_step": 99, "_wandb": {"runtime": 170}}