{"Train Loss": 0.3213499718741195, "Train Accuracy": 88.76712328767124, "Test Loss": 0.623098520607483, "Test Accuracy": 63.41463414634146, "Best Test Accuracy": 70.73170731707317, "Test AUC": 0.7561561561561561, "Test Sensitivity": 0.5555555555555556, "Test Specificity": 0.7297297297297297, "Test F1": 0.6341463414634146, "Test Recall": 0.6341463414634146, "Test Precision": 0.6341463414634146, "_timestamp": 1692083271.9353259, "_runtime": 168.12262392044067, "_step": 99, "_wandb": {"runtime": 166}}