{"Train Loss": 0.3998068535164611, "Train Accuracy": 82.1917808219178, "Test Loss": 0.5874560300896807, "Test Accuracy": 67.07317073170732, "Best Test Accuracy": 68.29268292682927, "Test AUC": 0.7565789473684211, "Test Sensitivity": 0.6842105263157895, "Test Specificity": 0.6590909090909091, "Test F1": 0.6707317073170732, "Test Recall": 0.6707317073170732, "Test Precision": 0.6707317073170732, "_timestamp": 1692084154.6424377, "_runtime": 59.492931604385376, "_step": 99, "_wandb": {"runtime": 57}}