{"Train Loss": 0.482509181888093, "Train Accuracy": 77.5330396475771, "Test Loss": 0.6851435752198247, "Test Accuracy": 63.366336633663366, "Best Test Accuracy": 65.34653465346534, "Test AUC": 0.673469387755102, "Test Sensitivity": 0.6530612244897959, "Test Specificity": 0.6153846153846154, "Test F1": 0.6336633663366337, "Test Recall": 0.6336633663366337, "Test Precision": 0.6336633663366337, "_timestamp": 1692082611.3080008, "_runtime": 80.4691379070282, "_step": 99, "_wandb": {"runtime": 78}}