{"Train Loss": 0.6112121825348841, "Train Accuracy": 69.31506849315069, "Test Loss": 0.6742007194495783, "Test Accuracy": 60.97560975609756, "Test AUC": 0.6702702702702703, "Test Sensitivity": 0.4222222222222222, "Test Specificity": 0.8378378378378378, "Test F1": 0.6097560975609756, "Test Recall": 0.6097560975609756, "Test Precision": 0.6097560975609756, "Best Test Accuracy": 63.41463414634146, "Best Test AUC": 0.6726726726726727, "Best Test Sensitivity": 0.4888888888888889, "Best Test Specificity": 0.8108108108108109, "_timestamp": 1692165243.3382208, "_runtime": 287.29718375205994, "_step": 99, "_wandb": {"runtime": 285}}