{"Train Loss": 0.26111770362070164, "Train Accuracy": 93.15068493150685, "Test Loss": 0.6556544594648408, "Test Accuracy": 62.19512195121951, "Best Test Accuracy": 73.17073170731707, "Test AUC": 0.7507507507507508, "Test Sensitivity": 0.5333333333333333, "Test Specificity": 0.7297297297297297, "Test F1": 0.6219512195121951, "Test Recall": 0.6219512195121951, "Test Precision": 0.6219512195121951, "_timestamp": 1692083410.9552634, "_runtime": 133.51222133636475, "_step": 99, "_wandb": {"runtime": 131}}