{"Train Loss": 0.5834173793538647, "Train Accuracy": 68.64931849180692, "Test Loss": 0.6555800969057745, "Test Accuracy": 62.87128712871287, "Best Test Accuracy": 63.86138613861386, "Test AUC": 0.6576470588235295, "Test Sensitivity": 0.61, "Test Specificity": 0.6470588235294118, "Test F1": 0.6287128712871287, "Test Recall": 0.6287128712871287, "Test Precision": 0.6287128712871287, "_timestamp": 1692081005.7123966, "_runtime": 43.77855467796326, "_step": 49, "_wandb": {"runtime": 42}}