{"Train Loss": 0.6151707776317512, "Train Accuracy": 67.29074896589775, "Test Loss": 0.7159383692363701, "Test Accuracy": 54.45544554455446, "Test AUC": 0.5525902668759812, "Test Sensitivity": 0.673469387755102, "Test Specificity": 0.4230769230769231, "Test F1": 0.5445544554455446, "Test Recall": 0.5445544554455446, "Test Precision": 0.5445544554455446, "Best Test Accuracy": 59.40594059405941, "Best Test AUC": 0.5726059654631084, "Best Test Sensitivity": 0.5510204081632653, "Best Test Specificity": 0.6346153846153846, "_timestamp": 1692162571.851648, "_runtime": 103.80726718902588, "_step": 99, "_wandb": {"runtime": 102}}