{"Train Loss": 0.01150140050879639, "Train Accuracy": 99.45652173913044, "Test Loss": 0.9419799248377482, "Test Accuracy": 76.19047619047619, "Test AUC": 0.809090909090909, "Test Sensitivity": 0.8, "Test Specificity": 0.7272727272727273, "Test F1": 0.7619047619047619, "Test Recall": 0.7619047619047619, "Test Precision": 0.7619047619047619, "Best Test Accuracy": 80.95238095238095, "Best Test AUC": 0.7727272727272727, "Best Test Sensitivity": 0.9, "Best Test Specificity": 0.7272727272727273, "_timestamp": 1692194052.0142467, "_runtime": 37.114213705062866, "_step": 99, "_wandb": {"runtime": 35}}