{"Train Loss": 0.0797525840773158, "Train Accuracy": 99.17808219178082, "Test Loss": 1.3633141866544398, "Test Accuracy": 59.75609756097561, "Test AUC": 0.6489234449760766, "Test Sensitivity": 0.631578947368421, "Test Specificity": 0.5681818181818182, "Test F1": 0.5975609756097561, "Test Recall": 0.5975609756097561, "Test Precision": 0.5975609756097561, "Best Test Accuracy": 65.85365853658537, "Best Test AUC": 0.6590909090909091, "Best Test Sensitivity": 0.631578947368421, "Best Test Specificity": 0.6818181818181818, "_timestamp": 1692245718.7748084, "_runtime": 74.86489939689636, "_step": 99, "_wandb": {"runtime": 73}}