{"Train Loss": 0.6205831247827281, "Train Accuracy": 65.76086956521739, "Test Loss": 0.6620947775386629, "Test Accuracy": 66.66666666666667, "Test AUC": 0.7181818181818183, "Test Sensitivity": 1.0, "Test Specificity": 0.36363636363636365, "Test F1": 0.6666666666666666, "Test Recall": 0.6666666666666666, "Test Precision": 0.6666666666666666, "Best Test Accuracy": 66.66666666666667, "Best Test AUC": 0.7181818181818183, "Best Test Sensitivity": 1.0, "Best Test Specificity": 0.36363636363636365, "_timestamp": 1692163583.3960009, "_runtime": 44.84753680229187, "_step": 99, "_wandb": {"runtime": 43}}