{"Train Loss": 0.0274826663967273, "Train Accuracy": 100.0, "Test Loss": 1.4335741996765137, "Test Accuracy": 63.41463414634146, "Test AUC": 0.6674641148325359, "Test Sensitivity": 0.5789473684210527, "Test Specificity": 0.6818181818181818, "Test F1": 0.6341463414634146, "Test Recall": 0.6341463414634146, "Test Precision": 0.6341463414634146, "Best Test Accuracy": 73.17073170731707, "Best Test AUC": 0.6997607655502392, "Best Test Sensitivity": 0.5526315789473685, "Best Test Specificity": 0.8863636363636364, "_timestamp": 1692198364.635404, "_runtime": 70.89683413505554, "_step": 99, "_wandb": {"runtime": 69}}