{"Train Loss": 0.43742713980052783, "Train Accuracy": 82.06521739130434, "Test Loss": 0.6290450550260998, "Test Accuracy": 61.904761904761905, "Best Test Accuracy": 71.42857142857143, "Test AUC": 0.7545454545454545, "Test Sensitivity": 0.7, "Test Specificity": 0.5454545454545454, "Test F1": 0.6190476190476191, "Test Recall": 0.6190476190476191, "Test Precision": 0.6190476190476191, "_timestamp": 1692083004.658618, "_runtime": 41.086341857910156, "_step": 99, "_wandb": {"runtime": 39}}