{"Train Loss": 0.012781646851774143, "Train Accuracy": 98.91304347826087, "Test Loss": 1.0860882146017892, "Test Accuracy": 76.19047619047619, "Test AUC": 0.8363636363636364, "Test Sensitivity": 0.9, "Test Specificity": 0.6363636363636364, "Test F1": 0.7619047619047619, "Test Recall": 0.7619047619047619, "Test Precision": 0.7619047619047619, "Best Test Accuracy": 80.95238095238095, "Best Test AUC": 0.8363636363636363, "Best Test Sensitivity": 0.9, "Best Test Specificity": 0.7272727272727273, "_timestamp": 1692247390.071571, "_runtime": 37.928553104400635, "_step": 99, "_wandb": {"runtime": 36}}