{"Train Loss": 0.5807416309481082, "Train Accuracy": 77.17391304347827, "Test Loss": 0.6200793016524542, "Test Accuracy": 61.904761904761905, "Test AUC": 0.7181818181818183, "Test Sensitivity": 0.8, "Test Specificity": 0.45454545454545453, "Test F1": 0.6190476190476191, "Test Recall": 0.6190476190476191, "Test Precision": 0.6190476190476191, "Best Test Accuracy": 71.42857142857143, "Best Test AUC": 0.7363636363636363, "Best Test Sensitivity": 1.0, "Best Test Specificity": 0.45454545454545453, "_timestamp": 1692163430.2857428, "_runtime": 47.75587582588196, "_step": 99, "_wandb": {"runtime": 46}}