{"Train Loss": 0.05859408327398846, "Train Accuracy": 99.66960352422907, "Test Loss": 0.8189399271908373, "Test Accuracy": 67.32673267326733, "Test AUC": 0.7244897959183672, "Test Sensitivity": 0.7142857142857143, "Test Specificity": 0.6346153846153846, "Test F1": 0.6732673267326733, "Test Recall": 0.6732673267326733, "Test Precision": 0.6732673267326733, "Best Test Accuracy": 70.29702970297029, "Best Test AUC": 0.7335164835164836, "Best Test Sensitivity": 0.7551020408163265, "Best Test Specificity": 0.6538461538461539, "_timestamp": 1692170187.2628012, "_runtime": 87.6986312866211, "_step": 99, "_wandb": {"runtime": 85}}