{"Train Loss": 0.6009366979683023, "Train Accuracy": 67.40088112448805, "Test Loss": 0.7360570277317916, "Test Accuracy": 54.45544554455446, "Test AUC": 0.554945054945055, "Test Sensitivity": 0.7346938775510204, "Test Specificity": 0.36538461538461536, "Test F1": 0.5445544554455446, "Test Recall": 0.5445544554455446, "Test Precision": 0.5445544554455446, "Best Test Accuracy": 57.42574257425743, "Best Test AUC": 0.5518053375196232, "Best Test Sensitivity": 0.5714285714285714, "Best Test Specificity": 0.5769230769230769, "_timestamp": 1692162791.011975, "_runtime": 104.19999814033508, "_step": 99, "_wandb": {"runtime": 102}}