{"Train Loss": 0.014928930094870537, "Train Accuracy": 98.91304347826087, "Test Loss": 0.8838974152292524, "Test Accuracy": 71.42857142857143, "Test AUC": 0.8181818181818182, "Test Sensitivity": 0.8, "Test Specificity": 0.6363636363636364, "Test F1": 0.7142857142857143, "Test Recall": 0.7142857142857143, "Test Precision": 0.7142857142857143, "Best Test Accuracy": 80.95238095238095, "Best Test AUC": 0.8181818181818182, "Best Test Sensitivity": 0.8, "Best Test Specificity": 0.8181818181818182, "_timestamp": 1692197573.4525554, "_runtime": 45.113582372665405, "_step": 99, "_wandb": {"runtime": 43}}