{"Train Loss": 0.4190552704659853, "Train Accuracy": 80.83700440528635, "Test Loss": 1.1428101723737056, "Test Accuracy": 48.51485148514851, "Test AUC": 0.5156985871271587, "Test Sensitivity": 0.5510204081632653, "Test Specificity": 0.4230769230769231, "Test F1": 0.48514851485148514, "Test Recall": 0.48514851485148514, "Test Precision": 0.48514851485148514, "Best Test Accuracy": 54.45544554455446, "Best Test AUC": 0.5514128728414442, "Best Test Sensitivity": 0.8571428571428571, "Best Test Specificity": 0.25, "_timestamp": 1692201309.4229941, "_runtime": 106.74589920043945, "_step": 99, "_wandb": {"runtime": 105}}