{"Train Loss": 0.0774821942663928, "Train Accuracy": 99.77973568281938, "Test Loss": 0.9005458272329652, "Test Accuracy": 63.366336633663366, "Test AUC": 0.6550235478806907, "Test Sensitivity": 0.6326530612244898, "Test Specificity": 0.6346153846153846, "Test F1": 0.6336633663366337, "Test Recall": 0.6336633663366337, "Test Precision": 0.6336633663366337, "Best Test Accuracy": 65.34653465346534, "Best Test AUC": 0.6609105180533752, "Best Test Sensitivity": 0.673469387755102, "Best Test Specificity": 0.6346153846153846, "_timestamp": 1692169995.7791545, "_runtime": 88.75624346733093, "_step": 99, "_wandb": {"runtime": 87}}