{"Train Loss": 0.5700970836307692, "Train Accuracy": 75.54347826086956, "Test Loss": 0.6297025708925157, "Test Accuracy": 66.66666666666667, "Test AUC": 0.6909090909090909, "Test Sensitivity": 0.9, "Test Specificity": 0.45454545454545453, "Test F1": 0.6666666666666666, "Test Recall": 0.6666666666666666, "Test Precision": 0.6666666666666666, "Best Test Accuracy": 71.42857142857143, "Best Test AUC": 0.7090909090909091, "Best Test Sensitivity": 1.0, "Best Test Specificity": 0.45454545454545453, "_timestamp": 1692163632.641407, "_runtime": 44.39619207382202, "_step": 99, "_wandb": {"runtime": 42}}