{"Train Loss": 0.4823224589162986, "Train Accuracy": 76.7621145710546, "Test Loss": 0.6860036773256736, "Test Accuracy": 66.33663366336634, "Best Test Accuracy": 67.32673267326733, "Test AUC": 0.6789638932496076, "Test Sensitivity": 0.7346938775510204, "Test Specificity": 0.5961538461538461, "Test F1": 0.6633663366336634, "Test Recall": 0.6633663366336634, "Test Precision": 0.6633663366336634, "_timestamp": 1692082693.977132, "_runtime": 75.82408213615417, "_step": 99, "_wandb": {"runtime": 74}}