{"Train Loss": 0.4756441254321843, "Train Accuracy": 77.8082191780822, "Test Loss": 0.6132911792615565, "Test Accuracy": 74.39024390243902, "Test AUC": 0.7657657657657658, "Test Sensitivity": 0.6888888888888889, "Test Specificity": 0.8108108108108109, "Test F1": 0.7439024390243903, "Test Recall": 0.7439024390243902, "Test Precision": 0.7439024390243902, "Best Test Accuracy": 78.04878048780488, "Best Test AUC": 0.7693693693693694, "Best Test Sensitivity": 0.7111111111111111, "Best Test Specificity": 0.8648648648648649, "_timestamp": 1692200285.1043787, "_runtime": 296.1747295856476, "_step": 99, "_wandb": {"runtime": 294}}