{"Train Loss": 0.6140494126055209, "Train Accuracy": 70.92511019937793, "Test Loss": 0.7102240583684185, "Test Accuracy": 57.42574257425743, "Test AUC": 0.5262951334379906, "Test Sensitivity": 0.6326530612244898, "Test Specificity": 0.5192307692307693, "Test F1": 0.5742574257425742, "Test Recall": 0.5742574257425742, "Test Precision": 0.5742574257425742, "Best Test Accuracy": 57.42574257425743, "Best Test AUC": 0.5243328100470959, "Best Test Sensitivity": 0.6326530612244898, "Best Test Specificity": 0.5192307692307693, "_timestamp": 1692163247.226924, "_runtime": 108.37075185775757, "_step": 99, "_wandb": {"runtime": 106}}