{"Train Loss": 0.5754861572514409, "Train Accuracy": 66.30434782608695, "Test Loss": 0.6250917883146376, "Test Accuracy": 76.19047619047619, "Test AUC": 0.6909090909090909, "Test Sensitivity": 1.0, "Test Specificity": 0.5454545454545454, "Test F1": 0.7619047619047619, "Test Recall": 0.7619047619047619, "Test Precision": 0.7619047619047619, "Best Test Accuracy": 76.19047619047619, "Best Test AUC": 0.6727272727272726, "Best Test Sensitivity": 1.0, "Best Test Specificity": 0.5454545454545454, "_timestamp": 1692193056.2713785, "_runtime": 74.06242942810059, "_step": 99, "_wandb": {"runtime": 72}}