{"Train Loss": 0.508414087972977, "Train Accuracy": 77.09251108043519, "Test Loss": 0.7961212526453604, "Test Accuracy": 52.475247524752476, "Test AUC": 0.5510204081632653, "Test Sensitivity": 0.4897959183673469, "Test Specificity": 0.5576923076923077, "Test F1": 0.5247524752475248, "Test Recall": 0.5247524752475248, "Test Precision": 0.5247524752475248, "Best Test Accuracy": 55.445544554455445, "Best Test AUC": 0.5227629513343799, "Best Test Sensitivity": 0.40816326530612246, "Best Test Specificity": 0.6923076923076923, "_timestamp": 1692198819.324617, "_runtime": 109.14179587364197, "_step": 99, "_wandb": {"runtime": 107}}