{"Train Loss": 0.4438758809272557, "Train Accuracy": 80.27397260273973, "Test Loss": 0.5907790675395872, "Test Accuracy": 76.82926829268293, "Test AUC": 0.7921921921921922, "Test Sensitivity": 0.7333333333333333, "Test Specificity": 0.8108108108108109, "Test F1": 0.7682926829268293, "Test Recall": 0.7682926829268293, "Test Precision": 0.7682926829268293, "Best Test Accuracy": 80.48780487804878, "Best Test AUC": 0.7921921921921922, "Best Test Sensitivity": 0.7555555555555555, "Best Test Specificity": 0.8648648648648649, "_timestamp": 1692200588.2790515, "_runtime": 297.93286061286926, "_step": 99, "_wandb": {"runtime": 295}}