{"Train Loss": 0.5914241250562845, "Train Accuracy": 68.27757125627596, "Test Loss": 0.6568673347482586, "Test Accuracy": 64.35643564356435, "Best Test Accuracy": 65.34653465346534, "Test AUC": 0.6649999999999999, "Test Sensitivity": 0.64, "Test Specificity": 0.6470588235294118, "Test F1": 0.6435643564356436, "Test Recall": 0.6435643564356436, "Test Precision": 0.6435643564356436, "_timestamp": 1692080904.2219572, "_runtime": 43.40924525260925, "_step": 49, "_wandb": {"runtime": 42}}