{"Train Loss": 0.2676908550414745, "Train Accuracy": 90.7488986784141, "Test Loss": 1.1255967475400113, "Test Accuracy": 52.475247524752476, "Test AUC": 0.5467032967032968, "Test Sensitivity": 0.5510204081632653, "Test Specificity": 0.5, "Test F1": 0.5247524752475248, "Test Recall": 0.5247524752475248, "Test Precision": 0.5247524752475248, "Best Test Accuracy": 57.42574257425743, "Best Test AUC": 0.5835949764521193, "Best Test Sensitivity": 0.3469387755102041, "Best Test Specificity": 0.7884615384615384, "_timestamp": 1692192571.1595025, "_runtime": 95.96173048019409, "_step": 99, "_wandb": {"runtime": 95}}