{"Train Loss": 0.5167497474214305, "Train Accuracy": 83.69565217391305, "Test Loss": 0.6632045422281537, "Test Accuracy": 61.904761904761905, "Test AUC": 0.6727272727272728, "Test Sensitivity": 0.8, "Test Specificity": 0.45454545454545453, "Test F1": 0.6190476190476191, "Test Recall": 0.6190476190476191, "Test Precision": 0.6190476190476191, "Best Test Accuracy": 66.66666666666667, "Best Test AUC": 0.7, "Best Test Sensitivity": 0.9, "Best Test Specificity": 0.45454545454545453, "_timestamp": 1692170419.6730263, "_runtime": 37.71598029136658, "_step": 99, "_wandb": {"runtime": 35}}