{"Train Loss": 0.5187604925403856, "Train Accuracy": 75.89041095890411, "Test Loss": 0.6368517250549502, "Test Accuracy": 67.07317073170732, "Test AUC": 0.694377990430622, "Test Sensitivity": 0.6578947368421053, "Test Specificity": 0.6818181818181818, "Test F1": 0.6707317073170732, "Test Recall": 0.6707317073170732, "Test Precision": 0.6707317073170732, "Best Test Accuracy": 71.95121951219512, "Best Test AUC": 0.6746411483253588, "Best Test Sensitivity": 0.5526315789473685, "Best Test Specificity": 0.8636363636363636, "_timestamp": 1692166673.1905575, "_runtime": 72.70900654792786, "_step": 99, "_wandb": {"runtime": 70}}