{"Train Loss": 0.5986928514446981, "Train Accuracy": 70.81497804078762, "Test Loss": 0.7281080749955507, "Test Accuracy": 52.475247524752476, "Test AUC": 0.5160910518053375, "Test Sensitivity": 0.46938775510204084, "Test Specificity": 0.5769230769230769, "Test F1": 0.5247524752475248, "Test Recall": 0.5247524752475248, "Test Precision": 0.5247524752475248, "Best Test Accuracy": 57.42574257425743, "Best Test AUC": 0.5364992150706437, "Best Test Sensitivity": 0.20408163265306123, "Best Test Specificity": 0.9230769230769231, "_timestamp": 1692162350.7237844, "_runtime": 102.59238934516907, "_step": 99, "_wandb": {"runtime": 101}}