{"Train Loss": 0.5561614117393755, "Train Accuracy": 73.15068493150685, "Test Loss": 0.6342283734461156, "Test Accuracy": 68.29268292682927, "Test AUC": 0.6985645933014355, "Test Sensitivity": 0.6578947368421053, "Test Specificity": 0.7045454545454546, "Test F1": 0.6829268292682927, "Test Recall": 0.6829268292682927, "Test Precision": 0.6829268292682927, "Best Test Accuracy": 70.73170731707317, "Best Test AUC": 0.672846889952153, "Best Test Sensitivity": 0.6578947368421053, "Best Test Specificity": 0.75, "_timestamp": 1692166832.1247733, "_runtime": 72.51657319068909, "_step": 99, "_wandb": {"runtime": 70}}