{"Train Loss": 0.5354125234362197, "Train Accuracy": 74.79452054794521, "Test Loss": 0.650174675918207, "Test Accuracy": 64.63414634146342, "Test AUC": 0.672846889952153, "Test Sensitivity": 0.5789473684210527, "Test Specificity": 0.7045454545454546, "Test F1": 0.6463414634146342, "Test Recall": 0.6463414634146342, "Test Precision": 0.6463414634146342, "Best Test Accuracy": 67.07317073170732, "Best Test AUC": 0.6561004784688995, "Best Test Sensitivity": 0.6052631578947368, "Best Test Specificity": 0.7272727272727273, "_timestamp": 1692166752.84496, "_runtime": 72.76348900794983, "_step": 99, "_wandb": {"runtime": 70}}