{"Train Loss": 0.4075783450309544, "Train Accuracy": 82.05479452054794, "Test Loss": 0.6297873614764795, "Test Accuracy": 76.82926829268293, "Test AUC": 0.7585585585585586, "Test Sensitivity": 0.7777777777777778, "Test Specificity": 0.7567567567567568, "Test F1": 0.7682926829268293, "Test Recall": 0.7682926829268293, "Test Precision": 0.7682926829268293, "Best Test Accuracy": 78.04878048780488, "Best Test AUC": 0.7603603603603604, "Best Test Sensitivity": 0.7777777777777778, "Best Test Specificity": 0.7837837837837838, "_timestamp": 1692199983.0932958, "_runtime": 295.88585591316223, "_step": 99, "_wandb": {"runtime": 294}}