{"Train Loss": 0.010775208225190316, "Train Accuracy": 99.45652173913044, "Test Loss": 0.7734632662364415, "Test Accuracy": 71.42857142857143, "Test AUC": 0.8, "Test Sensitivity": 0.8, "Test Specificity": 0.6363636363636364, "Test F1": 0.7142857142857143, "Test Recall": 0.7142857142857143, "Test Precision": 0.7142857142857143, "Best Test Accuracy": 85.71428571428571, "Best Test AUC": 0.8363636363636364, "Best Test Sensitivity": 0.9, "Best Test Specificity": 0.8181818181818182, "_timestamp": 1692204978.2776222, "_runtime": 41.4843111038208, "_step": 99, "_wandb": {"runtime": 39}}