{"Train Loss": 0.0026400846859746395, "Train Accuracy": 100.0, "Test Loss": 2.464233464584118, "Test Accuracy": 68.29268292682927, "Test AUC": 0.7063063063063063, "Test Sensitivity": 0.6222222222222222, "Test Specificity": 0.7567567567567568, "Test F1": 0.6829268292682927, "Test Recall": 0.6829268292682927, "Test Precision": 0.6829268292682927, "Best Test Accuracy": 71.95121951219512, "Best Test AUC": 0.7063063063063063, "Best Test Sensitivity": 0.6222222222222222, "Best Test Specificity": 0.8378378378378378, "_timestamp": 1692193830.5687, "_runtime": 209.3504090309143, "_step": 99, "_wandb": {"runtime": 207}}