{"Train Loss": 0.002437918494799978, "Train Accuracy": 100.0, "Test Loss": 3.6364048748481563, "Test Accuracy": 56.09756097560975, "Test AUC": 0.5903903903903903, "Test Sensitivity": 0.5111111111111111, "Test Specificity": 0.6216216216216216, "Test F1": 0.5609756097560976, "Test Recall": 0.5609756097560976, "Test Precision": 0.5609756097560976, "Best Test Accuracy": 63.41463414634146, "Best Test AUC": 0.672072072072072, "Best Test Sensitivity": 0.6, "Best Test Specificity": 0.6756756756756757, "_timestamp": 1692246117.729186, "_runtime": 182.067134141922, "_step": 99, "_wandb": {"runtime": 180}}