{"Train Loss": 0.03451853012283371, "Train Accuracy": 99.86301369863014, "Test Loss": 1.7769341643263654, "Test Accuracy": 64.63414634146342, "Test AUC": 0.6519138755980861, "Test Sensitivity": 0.6842105263157895, "Test Specificity": 0.6136363636363636, "Test F1": 0.6463414634146342, "Test Recall": 0.6463414634146342, "Test Precision": 0.6463414634146342, "Best Test Accuracy": 68.29268292682927, "Best Test AUC": 0.6578947368421053, "Best Test Sensitivity": 0.7105263157894737, "Best Test Specificity": 0.6590909090909091, "_timestamp": 1692193913.2100723, "_runtime": 76.48676538467407, "_step": 99, "_wandb": {"runtime": 74}}