{"Train Loss": 0.3145623507741264, "Train Accuracy": 87.11453744493392, "Test Loss": 1.0170547171394424, "Test Accuracy": 59.40594059405941, "Test AUC": 0.5989010989010989, "Test Sensitivity": 0.673469387755102, "Test Specificity": 0.5192307692307693, "Test F1": 0.594059405940594, "Test Recall": 0.594059405940594, "Test Precision": 0.594059405940594, "Best Test Accuracy": 65.34653465346534, "Best Test AUC": 0.6177394034536892, "Best Test Sensitivity": 0.6326530612244898, "Best Test Specificity": 0.6730769230769231, "_timestamp": 1692197119.5671642, "_runtime": 92.75958728790283, "_step": 99, "_wandb": {"runtime": 91}}