{"Train Loss": 0.12182024072294366, "Train Accuracy": 98.4931506849315, "Test Loss": 1.1600629910826683, "Test Accuracy": 56.09756097560975, "Test AUC": 0.6222222222222222, "Test Sensitivity": 0.4444444444444444, "Test Specificity": 0.7027027027027027, "Test F1": 0.5609756097560976, "Test Recall": 0.5609756097560976, "Test Precision": 0.5609756097560976, "Best Test Accuracy": 64.63414634146342, "Best Test AUC": 0.6462462462462462, "Best Test Sensitivity": 0.6, "Best Test Specificity": 0.7027027027027027, "_timestamp": 1692171119.600912, "_runtime": 147.9081699848175, "_step": 99, "_wandb": {"runtime": 145}}