{"Train Loss": 0.014555489016777796, "Train Accuracy": 99.45652173913044, "Test Loss": 1.2075401714869909, "Test Accuracy": 76.19047619047619, "Test AUC": 0.7000000000000001, "Test Sensitivity": 0.7, "Test Specificity": 0.8181818181818182, "Test F1": 0.7619047619047619, "Test Recall": 0.7619047619047619, "Test Precision": 0.7619047619047619, "Best Test Accuracy": 76.19047619047619, "Best Test AUC": 0.6909090909090909, "Best Test Sensitivity": 1.0, "Best Test Specificity": 0.5454545454545454, "_timestamp": 1692197622.8623986, "_runtime": 43.72259473800659, "_step": 99, "_wandb": {"runtime": 41}}