{"Train Loss": 0.6866416412851085, "Train Accuracy": 57.608695652173914, "Test Loss": 0.7055981613340832, "Test Accuracy": 47.61904761904762, "Test AUC": 0.6272727272727273, "Test Sensitivity": 1.0, "Test Specificity": 0.0, "Test F1": 0.47619047619047616, "Test Recall": 0.47619047619047616, "Test Precision": 0.47619047619047616, "Best Test Accuracy": 52.38095238095238, "Best Test AUC": 0.34545454545454546, "Best Test Sensitivity": 0.0, "Best Test Specificity": 1.0, "_timestamp": 1692163792.9272838, "_runtime": 74.51310873031616, "_step": 99, "_wandb": {"runtime": 72}}