{"Train Loss": 0.5930047812669174, "Train Accuracy": 70.1086956521739, "Test Loss": 0.6559390085084098, "Test Accuracy": 76.19047619047619, "Test AUC": 0.6454545454545454, "Test Sensitivity": 1.0, "Test Specificity": 0.5454545454545454, "Test F1": 0.7619047619047619, "Test Recall": 0.7619047619047619, "Test Precision": 0.7619047619047619, "Best Test Accuracy": 76.19047619047619, "Best Test AUC": 0.6454545454545454, "Best Test Sensitivity": 1.0, "Best Test Specificity": 0.5454545454545454, "_timestamp": 1692199130.6999514, "_runtime": 76.00450229644775, "_step": 99, "_wandb": {"runtime": 74}}