{"Train Loss": 0.0024403047534216145, "Train Accuracy": 100.0, "Test Loss": 2.0428723663818547, "Test Accuracy": 67.07317073170732, "Test AUC": 0.6984984984984985, "Test Sensitivity": 0.6, "Test Specificity": 0.7567567567567568, "Test F1": 0.6707317073170732, "Test Recall": 0.6707317073170732, "Test Precision": 0.6707317073170732, "Best Test Accuracy": 74.39024390243902, "Best Test AUC": 0.7723723723723723, "Best Test Sensitivity": 0.8888888888888888, "Best Test Specificity": 0.5675675675675675, "_timestamp": 1692198119.265991, "_runtime": 163.3453130722046, "_step": 99, "_wandb": {"runtime": 161}}