{"Train Loss": 0.5666690076867195, "Train Accuracy": 72.46575342465754, "Test Loss": 0.6615450396770384, "Test Accuracy": 65.85365853658537, "Test AUC": 0.6860047846889953, "Test Sensitivity": 0.6578947368421053, "Test Specificity": 0.6590909090909091, "Test F1": 0.6585365853658537, "Test Recall": 0.6585365853658537, "Test Precision": 0.6585365853658537, "Best Test Accuracy": 69.51219512195122, "Best Test AUC": 0.6866028708133971, "Best Test Sensitivity": 0.7105263157894737, "Best Test Specificity": 0.6818181818181818, "_timestamp": 1692200686.7358932, "_runtime": 92.7496223449707, "_step": 99, "_wandb": {"runtime": 90}}