{"Train Loss": 0.5708289370144883, "Train Accuracy": 72.73972602739725, "Test Loss": 0.6393105344074529, "Test Accuracy": 69.51219512195122, "Test AUC": 0.7105263157894738, "Test Sensitivity": 0.6578947368421053, "Test Specificity": 0.7272727272727273, "Test F1": 0.6951219512195121, "Test Recall": 0.6951219512195121, "Test Precision": 0.6951219512195121, "Best Test Accuracy": 70.73170731707317, "Best Test AUC": 0.6860047846889952, "Best Test Sensitivity": 0.6578947368421053, "Best Test Specificity": 0.75, "_timestamp": 1692200879.254546, "_runtime": 89.99381303787231, "_step": 99, "_wandb": {"runtime": 88}}