{"Train Loss": 0.015536736231297255, "Train Accuracy": 98.91304347826087, "Test Loss": 1.7253976890019007, "Test Accuracy": 71.42857142857143, "Test AUC": 0.7454545454545455, "Test Sensitivity": 0.8, "Test Specificity": 0.6363636363636364, "Test F1": 0.7142857142857143, "Test Recall": 0.7142857142857143, "Test Precision": 0.7142857142857143, "Best Test Accuracy": 76.19047619047619, "Best Test AUC": 0.7545454545454545, "Best Test Sensitivity": 0.9, "Best Test Specificity": 0.6363636363636364, "_timestamp": 1692201475.341763, "_runtime": 45.923824071884155, "_step": 99, "_wandb": {"runtime": 44}}