{"Train Loss": 0.010976895355902936, "Train Accuracy": 99.45652173913044, "Test Loss": 0.8826067958559308, "Test Accuracy": 71.42857142857143, "Test AUC": 0.790909090909091, "Test Sensitivity": 0.7, "Test Specificity": 0.7272727272727273, "Test F1": 0.7142857142857143, "Test Recall": 0.7142857142857143, "Test Precision": 0.7142857142857143, "Best Test Accuracy": 80.95238095238095, "Best Test AUC": 0.8363636363636364, "Best Test Sensitivity": 0.9, "Best Test Specificity": 0.7272727272727273, "_timestamp": 1692247433.1950088, "_runtime": 38.40769171714783, "_step": 99, "_wandb": {"runtime": 36}}