{"Train Loss": 0.6431524302861462, "Train Accuracy": 67.12328767123287, "Test Loss": 0.6662367524170294, "Test Accuracy": 60.97560975609756, "Test AUC": 0.6273923444976076, "Test Sensitivity": 0.39473684210526316, "Test Specificity": 0.7954545454545454, "Test F1": 0.6097560975609756, "Test Recall": 0.6097560975609756, "Test Precision": 0.6097560975609756, "Best Test Accuracy": 63.41463414634146, "Best Test AUC": 0.6154306220095693, "Best Test Sensitivity": 0.3157894736842105, "Best Test Specificity": 0.9090909090909091, "_timestamp": 1692166926.1665072, "_runtime": 87.04875326156616, "_step": 99, "_wandb": {"runtime": 85}}