{"Train Loss": 0.6148522372812951, "Train Accuracy": 70.37444933920705, "Test Loss": 0.7092791264600092, "Test Accuracy": 53.46534653465346, "Test AUC": 0.5259026687598116, "Test Sensitivity": 0.5510204081632653, "Test Specificity": 0.5192307692307693, "Test F1": 0.5346534653465347, "Test Recall": 0.5346534653465347, "Test Precision": 0.5346534653465347, "Best Test Accuracy": 57.42574257425743, "Best Test AUC": 0.5160910518053374, "Best Test Sensitivity": 0.6326530612244898, "Best Test Specificity": 0.5192307692307693, "_timestamp": 1692162905.0137036, "_runtime": 107.8419406414032, "_step": 99, "_wandb": {"runtime": 106}}