{"Train Loss": 0.6178804911705891, "Train Accuracy": 65.08810572687224, "Test Loss": 0.7247494228995672, "Test Accuracy": 50.495049504950494, "Test AUC": 0.5168759811616954, "Test Sensitivity": 0.5714285714285714, "Test Specificity": 0.4423076923076923, "Test F1": 0.504950495049505, "Test Recall": 0.504950495049505, "Test Precision": 0.504950495049505, "Best Test Accuracy": 56.43564356435643, "Best Test AUC": 0.5259026687598116, "Best Test Sensitivity": 0.5918367346938775, "Best Test Specificity": 0.5384615384615384, "_timestamp": 1692162461.3524237, "_runtime": 105.11055970191956, "_step": 99, "_wandb": {"runtime": 103}}