{"Train Loss": 0.3690215677416797, "Train Accuracy": 82.81938329352157, "Test Loss": 1.0595524771378773, "Test Accuracy": 49.504950495049506, "Test AUC": 0.5694662480376766, "Test Sensitivity": 0.4897959183673469, "Test Specificity": 0.5, "Test F1": 0.49504950495049505, "Test Recall": 0.49504950495049505, "Test Precision": 0.49504950495049505, "Best Test Accuracy": 58.415841584158414, "Best Test AUC": 0.5792778649921507, "Best Test Sensitivity": 0.5102040816326531, "Best Test Specificity": 0.6538461538461539, "_timestamp": 1692201196.8625767, "_runtime": 105.6049587726593, "_step": 99, "_wandb": {"runtime": 103}}