{"Train Loss": 0.0040027421985297474, "Train Accuracy": 100.0, "Test Loss": 1.1347848967750473, "Test Accuracy": 69.3069306930693, "Test AUC": 0.7857142857142856, "Test Sensitivity": 0.7551020408163265, "Test Specificity": 0.6346153846153846, "Test F1": 0.693069306930693, "Test Recall": 0.693069306930693, "Test Precision": 0.693069306930693, "Best Test Accuracy": 74.25742574257426, "Best Test AUC": 0.7963108320251178, "Best Test Sensitivity": 0.8163265306122449, "Best Test Specificity": 0.6730769230769231, "_timestamp": 1692204931.6209502, "_runtime": 89.09943318367004, "_step": 99, "_wandb": {"runtime": 87}}