{"Train Loss": 0.577193470104881, "Train Accuracy": 75.54347826086956, "Test Loss": 0.6311192966642833, "Test Accuracy": 66.66666666666667, "Test AUC": 0.6636363636363636, "Test Sensitivity": 0.9, "Test Specificity": 0.45454545454545453, "Test F1": 0.6666666666666666, "Test Recall": 0.6666666666666666, "Test Precision": 0.6666666666666666, "Best Test Accuracy": 71.42857142857143, "Best Test AUC": 0.6454545454545455, "Best Test Sensitivity": 1.0, "Best Test Specificity": 0.45454545454545453, "_timestamp": 1692163480.728738, "_runtime": 44.444223165512085, "_step": 99, "_wandb": {"runtime": 42}}