{"Train Loss": 0.11337878544853158, "Train Accuracy": 99.31506849315069, "Test Loss": 0.7504357194028249, "Test Accuracy": 63.41463414634146, "Test AUC": 0.7254784688995215, "Test Sensitivity": 0.5789473684210527, "Test Specificity": 0.6818181818181818, "Test F1": 0.6341463414634146, "Test Recall": 0.6341463414634146, "Test Precision": 0.6341463414634146, "Best Test Accuracy": 67.07317073170732, "Best Test AUC": 0.7099282296650717, "Best Test Sensitivity": 0.4473684210526316, "Best Test Specificity": 0.8636363636363636, "_timestamp": 1692171334.3546317, "_runtime": 72.41977763175964, "_step": 99, "_wandb": {"runtime": 70}}