{"Train Loss": 0.0022995888759471373, "Train Accuracy": 100.0, "Test Loss": 2.0416675039180894, "Test Accuracy": 62.19512195121951, "Test AUC": 0.6888888888888889, "Test Sensitivity": 0.5555555555555556, "Test Specificity": 0.7027027027027027, "Test F1": 0.6219512195121951, "Test Recall": 0.6219512195121951, "Test Precision": 0.6219512195121951, "Best Test Accuracy": 73.17073170731707, "Best Test AUC": 0.7963963963963963, "Best Test Sensitivity": 0.8888888888888888, "Best Test Specificity": 0.5405405405405406, "_timestamp": 1692197949.8505127, "_runtime": 156.57658672332764, "_step": 99, "_wandb": {"runtime": 154}}