{"Train Loss": 0.03250952740136075, "Train Accuracy": 100.0, "Test Loss": 1.1229889451003656, "Test Accuracy": 65.85365853658537, "Test AUC": 0.7081339712918661, "Test Sensitivity": 0.631578947368421, "Test Specificity": 0.6818181818181818, "Test F1": 0.6585365853658537, "Test Recall": 0.6585365853658537, "Test Precision": 0.6585365853658537, "Best Test Accuracy": 69.51219512195122, "Best Test AUC": 0.7111244019138755, "Best Test Sensitivity": 0.7631578947368421, "Best Test Specificity": 0.6363636363636364, "_timestamp": 1692192860.3876014, "_runtime": 69.07300448417664, "_step": 99, "_wandb": {"runtime": 67}}