{"Train Loss": 0.40177254976154947, "Train Accuracy": 81.49779742404753, "Test Loss": 1.033616272529753, "Test Accuracy": 61.386138613861384, "Test AUC": 0.5941915227629513, "Test Sensitivity": 0.5714285714285714, "Test Specificity": 0.6538461538461539, "Test F1": 0.6138613861386139, "Test Recall": 0.6138613861386139, "Test Precision": 0.6138613861386139, "Best Test Accuracy": 61.386138613861384, "Best Test AUC": 0.5906593406593407, "Best Test Sensitivity": 0.5918367346938775, "Best Test Specificity": 0.6346153846153846, "_timestamp": 1692201422.4740734, "_runtime": 106.94162845611572, "_step": 99, "_wandb": {"runtime": 105}}