{"Train Loss": 0.4226494250090226, "Train Accuracy": 82.06521739130434, "Test Loss": 0.6078443044707889, "Test Accuracy": 71.42857142857143, "Best Test Accuracy": 76.19047619047619, "Test AUC": 0.7818181818181817, "Test Sensitivity": 0.8, "Test Specificity": 0.6363636363636364, "Test F1": 0.7142857142857143, "Test Recall": 0.7142857142857143, "Test Precision": 0.7142857142857143, "_timestamp": 1692082910.9397528, "_runtime": 40.586729764938354, "_step": 99, "_wandb": {"runtime": 38}}