{"Train Loss": 0.6083857449766708, "Train Accuracy": 69.31506849315069, "Test Loss": 0.6725812656123463, "Test Accuracy": 60.97560975609756, "Test AUC": 0.6678678678678679, "Test Sensitivity": 0.4666666666666667, "Test Specificity": 0.7837837837837838, "Test F1": 0.6097560975609756, "Test Recall": 0.6097560975609756, "Test Precision": 0.6097560975609756, "Best Test Accuracy": 64.63414634146342, "Best Test AUC": 0.6378378378378379, "Best Test Sensitivity": 0.8888888888888888, "Best Test Specificity": 0.35135135135135137, "_timestamp": 1692165831.919233, "_runtime": 288.34472608566284, "_step": 99, "_wandb": {"runtime": 286}}