{"Train Loss": 0.5713243804565847, "Train Accuracy": 71.36986301369863, "Test Loss": 0.6371705793752903, "Test Accuracy": 68.29268292682927, "Test AUC": 0.7230861244019139, "Test Sensitivity": 0.7105263157894737, "Test Specificity": 0.6590909090909091, "Test F1": 0.6829268292682927, "Test Recall": 0.6829268292682927, "Test Precision": 0.6829268292682927, "Best Test Accuracy": 70.73170731707317, "Best Test AUC": 0.6907894736842106, "Best Test Sensitivity": 0.5526315789473685, "Best Test Specificity": 0.8409090909090909, "_timestamp": 1692193448.514368, "_runtime": 87.70257306098938, "_step": 99, "_wandb": {"runtime": 86}}