{"Train Loss": 0.02606497245700392, "Train Accuracy": 100.0, "Test Loss": 1.3209610450558547, "Test Accuracy": 63.41463414634146, "Test AUC": 0.6674641148325359, "Test Sensitivity": 0.631578947368421, "Test Specificity": 0.6363636363636364, "Test F1": 0.6341463414634146, "Test Recall": 0.6341463414634146, "Test Precision": 0.6341463414634146, "Best Test Accuracy": 70.73170731707317, "Best Test AUC": 0.7398325358851675, "Best Test Sensitivity": 0.7368421052631579, "Best Test Specificity": 0.6818181818181818, "_timestamp": 1692198514.4893916, "_runtime": 67.96052861213684, "_step": 99, "_wandb": {"runtime": 66}}