{"Train Loss": 0.27329911708015286, "Train Accuracy": 91.23287671232876, "Test Loss": 0.6123023054948667, "Test Accuracy": 68.29268292682927, "Best Test Accuracy": 74.39024390243902, "Test AUC": 0.7801801801801802, "Test Sensitivity": 0.6222222222222222, "Test Specificity": 0.7567567567567568, "Test F1": 0.6829268292682927, "Test Recall": 0.6829268292682927, "Test Precision": 0.6829268292682927, "_timestamp": 1692083687.7034693, "_runtime": 133.65706133842468, "_step": 99, "_wandb": {"runtime": 131}}