{"Train Loss": 0.0033067948105170914, "Train Accuracy": 100.0, "Test Loss": 1.6836307543080027, "Test Accuracy": 60.97560975609756, "Test AUC": 0.6948948948948949, "Test Sensitivity": 0.5555555555555556, "Test Specificity": 0.6756756756756757, "Test F1": 0.6097560975609756, "Test Recall": 0.6097560975609756, "Test Precision": 0.6097560975609756, "Best Test Accuracy": 67.07317073170732, "Best Test AUC": 0.7003003003003003, "Best Test Sensitivity": 0.7333333333333333, "Best Test Specificity": 0.5945945945945946, "_timestamp": 1692197787.0306897, "_runtime": 159.02767968177795, "_step": 99, "_wandb": {"runtime": 157}}