{"Train Loss": 0.5234647810721712, "Train Accuracy": 75.11013222580965, "Test Loss": 0.792541504496395, "Test Accuracy": 47.524752475247524, "Test AUC": 0.5145211930926217, "Test Sensitivity": 0.4489795918367347, "Test Specificity": 0.5, "Test F1": 0.4752475247524752, "Test Recall": 0.4752475247524752, "Test Precision": 0.4752475247524752, "Best Test Accuracy": 53.46534653465346, "Best Test AUC": 0.5235478806907379, "Best Test Sensitivity": 0.3673469387755102, "Best Test Specificity": 0.6923076923076923, "_timestamp": 1692198704.7185745, "_runtime": 108.84893345832825, "_step": 99, "_wandb": {"runtime": 107}}