{"Train Loss": 0.45249140972960483, "Train Accuracy": 80.27397260273973, "Test Loss": 0.631723784091996, "Test Accuracy": 67.07317073170732, "Test AUC": 0.7489489489489489, "Test Sensitivity": 0.6222222222222222, "Test Specificity": 0.7297297297297297, "Test F1": 0.6707317073170732, "Test Recall": 0.6707317073170732, "Test Precision": 0.6707317073170732, "Best Test Accuracy": 74.39024390243902, "Best Test AUC": 0.754954954954955, "Best Test Sensitivity": 0.7555555555555555, "Best Test Specificity": 0.7297297297297297, "_timestamp": 1692164769.862814, "_runtime": 172.68199396133423, "_step": 99, "_wandb": {"runtime": 170}}