{"Train Loss": 0.6401223161449171, "Train Accuracy": 66.57534246575342, "Test Loss": 0.6668642875624866, "Test Accuracy": 60.97560975609756, "Test AUC": 0.6327751196172249, "Test Sensitivity": 0.3157894736842105, "Test Specificity": 0.8636363636363636, "Test F1": 0.6097560975609756, "Test Recall": 0.6097560975609756, "Test Precision": 0.6097560975609756, "Best Test Accuracy": 63.41463414634146, "Best Test AUC": 0.6788277511961722, "Best Test Sensitivity": 0.47368421052631576, "Best Test Specificity": 0.7727272727272727, "_timestamp": 1692167210.4190714, "_runtime": 87.33851051330566, "_step": 99, "_wandb": {"runtime": 85}}