{"Train Loss": 0.6056139319478677, "Train Accuracy": 69.82378857986518, "Test Loss": 0.7096519157437995, "Test Accuracy": 56.43564356435643, "Test AUC": 0.5290423861852434, "Test Sensitivity": 0.5714285714285714, "Test Specificity": 0.5576923076923077, "Test F1": 0.5643564356435643, "Test Recall": 0.5643564356435643, "Test Precision": 0.5643564356435643, "Best Test Accuracy": 56.43564356435643, "Best Test AUC": 0.5098116169544741, "Best Test Sensitivity": 0.5918367346938775, "Best Test Specificity": 0.5384615384615384, "_timestamp": 1692163363.038785, "_runtime": 107.85505700111389, "_step": 99, "_wandb": {"runtime": 106}}