{"Train Loss": 0.624499834890235, "Train Accuracy": 69.31506849315069, "Test Loss": 0.6659325274025522, "Test Accuracy": 60.97560975609756, "Test AUC": 0.6435406698564593, "Test Sensitivity": 0.42105263157894735, "Test Specificity": 0.7727272727272727, "Test F1": 0.6097560975609756, "Test Recall": 0.6097560975609756, "Test Precision": 0.6097560975609756, "Best Test Accuracy": 64.63414634146342, "Best Test AUC": 0.6399521531100477, "Best Test Sensitivity": 0.5526315789473685, "Best Test Specificity": 0.7272727272727273, "_timestamp": 1692167305.2972658, "_runtime": 89.40223169326782, "_step": 99, "_wandb": {"runtime": 86}}