{"Train Loss": 0.39865075284487583, "Train Accuracy": 83.83561643835617, "Test Loss": 0.6075091289310921, "Test Accuracy": 67.07317073170732, "Best Test Accuracy": 69.51219512195122, "Test AUC": 0.7374401913875598, "Test Sensitivity": 0.6842105263157895, "Test Specificity": 0.6590909090909091, "Test F1": 0.6707317073170732, "Test Recall": 0.6707317073170732, "Test Precision": 0.6707317073170732, "_timestamp": 1692084088.6349454, "_runtime": 58.854676485061646, "_step": 99, "_wandb": {"runtime": 57}}