{"Train Loss": 0.5508736510799356, "Train Accuracy": 73.15068493150685, "Test Loss": 0.655633427747866, "Test Accuracy": 65.85365853658537, "Test AUC": 0.6584928229665072, "Test Sensitivity": 0.6052631578947368, "Test Specificity": 0.7045454545454546, "Test F1": 0.6585365853658537, "Test Recall": 0.6585365853658537, "Test Precision": 0.6585365853658537, "Best Test Accuracy": 67.07317073170732, "Best Test AUC": 0.6279904306220097, "Best Test Sensitivity": 0.6052631578947368, "Best Test Specificity": 0.7272727272727273, "_timestamp": 1692166514.6686215, "_runtime": 73.16203951835632, "_step": 99, "_wandb": {"runtime": 71}}