{"Train Loss": 0.6352024667883572, "Train Accuracy": 67.12328767123287, "Test Loss": 0.6657524137962155, "Test Accuracy": 60.97560975609756, "Test AUC": 0.6357655502392343, "Test Sensitivity": 0.3684210526315789, "Test Specificity": 0.8181818181818182, "Test F1": 0.6097560975609756, "Test Recall": 0.6097560975609756, "Test Precision": 0.6097560975609756, "Best Test Accuracy": 64.63414634146342, "Best Test AUC": 0.6836124401913876, "Best Test Sensitivity": 0.2894736842105263, "Best Test Specificity": 0.9545454545454546, "_timestamp": 1692167019.273485, "_runtime": 88.30395483970642, "_step": 99, "_wandb": {"runtime": 86}}