{"Train Loss": 0.27083351105320297, "Train Accuracy": 89.86784140969164, "Test Loss": 1.0260920766556616, "Test Accuracy": 60.396039603960396, "Test AUC": 0.6153846153846154, "Test Sensitivity": 0.6530612244897959, "Test Specificity": 0.5576923076923077, "Test F1": 0.6039603960396039, "Test Recall": 0.6039603960396039, "Test Precision": 0.6039603960396039, "Best Test Accuracy": 65.34653465346534, "Best Test AUC": 0.6354003139717426, "Best Test Sensitivity": 0.6122448979591837, "Best Test Specificity": 0.6923076923076923, "_timestamp": 1692197319.3747637, "_runtime": 93.71120381355286, "_step": 99, "_wandb": {"runtime": 92}}