{"Train Loss": 0.47734649827301767, "Train Accuracy": 77.53303971479643, "Test Loss": 0.6771602589305085, "Test Accuracy": 67.32673267326733, "Best Test Accuracy": 67.32673267326733, "Test AUC": 0.6836734693877551, "Test Sensitivity": 0.7346938775510204, "Test Specificity": 0.6153846153846154, "Test F1": 0.6732673267326733, "Test Recall": 0.6732673267326733, "Test Precision": 0.6732673267326733, "_timestamp": 1692082778.7602978, "_runtime": 80.22975277900696, "_step": 99, "_wandb": {"runtime": 78}}