{"Train Loss": 0.004038880464296772, "Train Accuracy": 100.0, "Test Loss": 1.2896391070715272, "Test Accuracy": 65.34653465346534, "Test AUC": 0.7335164835164836, "Test Sensitivity": 0.6938775510204082, "Test Specificity": 0.6153846153846154, "Test F1": 0.6534653465346535, "Test Recall": 0.6534653465346535, "Test Precision": 0.6534653465346535, "Best Test Accuracy": 70.29702970297029, "Best Test AUC": 0.7672684458398744, "Best Test Sensitivity": 0.6530612244897959, "Best Test Specificity": 0.75, "_timestamp": 1692194008.9469578, "_runtime": 89.49480485916138, "_step": 99, "_wandb": {"runtime": 87}}