{"Train Loss": 0.17200423789350955, "Train Accuracy": 98.08219178082192, "Test Loss": 0.737412435252492, "Test Accuracy": 58.53658536585366, "Test AUC": 0.6991626794258373, "Test Sensitivity": 0.6052631578947368, "Test Specificity": 0.5681818181818182, "Test F1": 0.5853658536585366, "Test Recall": 0.5853658536585366, "Test Precision": 0.5853658536585366, "Best Test Accuracy": 70.73170731707317, "Best Test AUC": 0.7093301435406699, "Best Test Sensitivity": 0.6052631578947368, "Best Test Specificity": 0.7954545454545454, "_timestamp": 1692171492.7872415, "_runtime": 73.03113842010498, "_step": 99, "_wandb": {"runtime": 71}}