{"Train Loss": 0.1988236649734218, "Train Accuracy": 96.95121951219512, "Test Loss": 0.8766229493277413, "Test Accuracy": 57.142857142857146, "Best Test Accuracy": 61.904761904761905, "Test AUC": 0.5096153846153846, "Test Sensitivity": 0.6153846153846154, "Test Specificity": 0.5, "Test F1": 0.5714285714285714, "Test Recall": 0.5714285714285714, "Test Precision": 0.5714285714285714, "_timestamp": 1692081029.620458, "_runtime": 17.924174785614014, "_step": 99, "_wandb": {"runtime": 16}}