{"Train Loss": 0.5898276781382626, "Train Accuracy": 69.58904109589041, "Test Loss": 0.668590552923156, "Test Accuracy": 65.85365853658537, "Test AUC": 0.6614832535885168, "Test Sensitivity": 0.6052631578947368, "Test Specificity": 0.7045454545454546, "Test F1": 0.6585365853658537, "Test Recall": 0.6585365853658537, "Test Precision": 0.6585365853658537, "Best Test Accuracy": 68.29268292682927, "Best Test AUC": 0.6393540669856459, "Best Test Sensitivity": 0.631578947368421, "Best Test Specificity": 0.7272727272727273, "_timestamp": 1692200782.901603, "_runtime": 89.12530493736267, "_step": 99, "_wandb": {"runtime": 87}}