{"Train Loss": 0.3902093983676336, "Train Accuracy": 84.79452054794521, "Test Loss": 0.6403186582937473, "Test Accuracy": 67.07317073170732, "Test AUC": 0.7423423423423423, "Test Sensitivity": 0.6222222222222222, "Test Specificity": 0.7297297297297297, "Test F1": 0.6707317073170732, "Test Recall": 0.6707317073170732, "Test Precision": 0.6707317073170732, "Best Test Accuracy": 76.82926829268293, "Best Test AUC": 0.7603603603603604, "Best Test Sensitivity": 0.7777777777777778, "Best Test Specificity": 0.7567567567567568, "_timestamp": 1692164950.8598564, "_runtime": 174.19925045967102, "_step": 99, "_wandb": {"runtime": 172}}