{"Train Loss": 0.4393332403000087, "Train Accuracy": 80.95890410958904, "Test Loss": 0.5982161149746035, "Test Accuracy": 65.85365853658537, "Best Test Accuracy": 68.29268292682927, "Test AUC": 0.7422248803827751, "Test Sensitivity": 0.7105263157894737, "Test Specificity": 0.6136363636363636, "Test F1": 0.6585365853658537, "Test Recall": 0.6585365853658537, "Test Precision": 0.6585365853658537, "_timestamp": 1692084022.7693584, "_runtime": 60.31633734703064, "_step": 99, "_wandb": {"runtime": 58}}