{"Train Loss": 0.369735624937162, "Train Accuracy": 85.61643835616438, "Test Loss": 0.6973951553426138, "Test Accuracy": 68.29268292682927, "Test AUC": 0.705105105105105, "Test Sensitivity": 0.6666666666666666, "Test Specificity": 0.7027027027027027, "Test F1": 0.6829268292682927, "Test Recall": 0.6829268292682927, "Test Precision": 0.6829268292682927, "Best Test Accuracy": 73.17073170731707, "Best Test AUC": 0.7309309309309309, "Best Test Sensitivity": 0.7333333333333333, "Best Test Specificity": 0.7297297297297297, "_timestamp": 1692164231.2746356, "_runtime": 172.58372259140015, "_step": 99, "_wandb": {"runtime": 170}}