{"Train Loss": 0.0028659877571443173, "Train Accuracy": 100.0, "Test Loss": 2.372333036193329, "Test Accuracy": 60.97560975609756, "Test AUC": 0.6780780780780781, "Test Sensitivity": 0.5111111111111111, "Test Specificity": 0.7297297297297297, "Test F1": 0.6097560975609756, "Test Recall": 0.6097560975609756, "Test Precision": 0.6097560975609756, "Best Test Accuracy": 65.85365853658537, "Best Test AUC": 0.6804804804804805, "Best Test Sensitivity": 0.6666666666666666, "Best Test Specificity": 0.6486486486486487, "_timestamp": 1692203802.0582905, "_runtime": 259.32906556129456, "_step": 99, "_wandb": {"runtime": 257}}