{"Train Loss": 0.6830913657727449, "Train Accuracy": 56.52173913043478, "Test Loss": 0.7017457343283153, "Test Accuracy": 47.61904761904762, "Test AUC": 0.6090909090909091, "Test Sensitivity": 1.0, "Test Specificity": 0.0, "Test F1": 0.47619047619047616, "Test Recall": 0.47619047619047616, "Test Precision": 0.47619047619047616, "Best Test Accuracy": 52.38095238095238, "Best Test AUC": 0.3090909090909091, "Best Test Sensitivity": 0.0, "Best Test Specificity": 1.0, "_timestamp": 1692164032.8706493, "_runtime": 72.85063028335571, "_step": 99, "_wandb": {"runtime": 71}}