{"Train Loss": 0.014175765256842842, "Train Accuracy": 98.91304347826087, "Test Loss": 1.337311177026658, "Test Accuracy": 61.904761904761905, "Test AUC": 0.6545454545454545, "Test Sensitivity": 0.8, "Test Specificity": 0.45454545454545453, "Test F1": 0.6190476190476191, "Test Recall": 0.6190476190476191, "Test Precision": 0.6190476190476191, "Best Test Accuracy": 76.19047619047619, "Best Test AUC": 0.7181818181818181, "Best Test Sensitivity": 1.0, "Best Test Specificity": 0.5454545454545454, "_timestamp": 1692192622.293469, "_runtime": 44.311042070388794, "_step": 99, "_wandb": {"runtime": 42}}