{"Train Loss": 0.6913950132287067, "Train Accuracy": 53.80434782608695, "Test Loss": 0.7059868034862337, "Test Accuracy": 47.61904761904762, "Test AUC": 0.6181818181818182, "Test Sensitivity": 1.0, "Test Specificity": 0.0, "Test F1": 0.47619047619047616, "Test Recall": 0.47619047619047616, "Test Precision": 0.47619047619047616, "Best Test Accuracy": 57.142857142857146, "Best Test AUC": 0.6363636363636364, "Best Test Sensitivity": 0.6, "Best Test Specificity": 0.5454545454545454, "_timestamp": 1692163713.0597928, "_runtime": 73.85107183456421, "_step": 99, "_wandb": {"runtime": 71}}