{"Train Loss": 0.2999611431605195, "Train Accuracy": 87.8082191780822, "Test Loss": 0.6721631666509117, "Test Accuracy": 65.85365853658537, "Best Test Accuracy": 71.95121951219512, "Test AUC": 0.73993993993994, "Test Sensitivity": 0.6222222222222222, "Test Specificity": 0.7027027027027027, "Test F1": 0.6585365853658537, "Test Recall": 0.6585365853658537, "Test Precision": 0.6585365853658537, "_timestamp": 1692083825.4791617, "_runtime": 132.05644273757935, "_step": 99, "_wandb": {"runtime": 130}}