{"Train Loss": 0.15489579714732626, "Train Accuracy": 97.53424657534246, "Test Loss": 0.7590830965739924, "Test Accuracy": 58.53658536585366, "Test AUC": 0.6895933014354066, "Test Sensitivity": 0.6052631578947368, "Test Specificity": 0.5681818181818182, "Test F1": 0.5853658536585366, "Test Recall": 0.5853658536585366, "Test Precision": 0.5853658536585366, "Best Test Accuracy": 69.51219512195122, "Best Test AUC": 0.6824162679425837, "Best Test Sensitivity": 0.4473684210526316, "Best Test Specificity": 0.9090909090909091, "_timestamp": 1692171651.1632636, "_runtime": 72.94621849060059, "_step": 99, "_wandb": {"runtime": 71}}