{"Train Loss": 0.132149847382552, "Train Accuracy": 99.04109589041096, "Test Loss": 0.974648884883741, "Test Accuracy": 60.97560975609756, "Test AUC": 0.6378378378378379, "Test Sensitivity": 0.5111111111111111, "Test Specificity": 0.7297297297297297, "Test F1": 0.6097560975609756, "Test Recall": 0.6097560975609756, "Test Precision": 0.6097560975609756, "Best Test Accuracy": 67.07317073170732, "Best Test AUC": 0.694894894894895, "Best Test Sensitivity": 0.7777777777777778, "Best Test Specificity": 0.5405405405405406, "_timestamp": 1692170813.0812407, "_runtime": 146.43668055534363, "_step": 99, "_wandb": {"runtime": 144}}