{"Train Loss": 0.4797314301781032, "Train Accuracy": 84.78260869565217, "Test Loss": 0.6351236502329508, "Test Accuracy": 61.904761904761905, "Test AUC": 0.7454545454545455, "Test Sensitivity": 0.9, "Test Specificity": 0.36363636363636365, "Test F1": 0.6190476190476191, "Test Recall": 0.6190476190476191, "Test Precision": 0.6190476190476191, "Best Test Accuracy": 61.904761904761905, "Best Test AUC": 0.7545454545454545, "Best Test Sensitivity": 0.9, "Best Test Specificity": 0.36363636363636365, "_timestamp": 1692170463.6673205, "_runtime": 37.01129341125488, "_step": 99, "_wandb": {"runtime": 35}}