{"Train Loss": 0.5839819062819711, "Train Accuracy": 69.51672865289737, "Test Loss": 0.6576620723941539, "Test Accuracy": 62.37623762376238, "Best Test Accuracy": 63.86138613861386, "Test AUC": 0.6588235294117647, "Test Sensitivity": 0.61, "Test Specificity": 0.6372549019607843, "Test F1": 0.6237623762376238, "Test Recall": 0.6237623762376238, "Test Precision": 0.6237623762376238, "_timestamp": 1692080955.4974408, "_runtime": 43.22981572151184, "_step": 49, "_wandb": {"runtime": 41}}