{"Train Loss": 0.5301273652898058, "Train Accuracy": 73.12775330396475, "Test Loss": 0.7831218160024964, "Test Accuracy": 53.46534653465346, "Test AUC": 0.5341444270015698, "Test Sensitivity": 0.5306122448979592, "Test Specificity": 0.5384615384615384, "Test F1": 0.5346534653465347, "Test Recall": 0.5346534653465347, "Test Precision": 0.5346534653465347, "Best Test Accuracy": 54.45544554455446, "Best Test AUC": 0.5121664050235479, "Best Test Sensitivity": 0.46938775510204084, "Best Test Specificity": 0.6153846153846154, "_timestamp": 1692192976.6584907, "_runtime": 109.89755654335022, "_step": 99, "_wandb": {"runtime": 108}}