{"Train Loss": 0.06207629608577245, "Train Accuracy": 99.86301369863014, "Test Loss": 1.493978639928306, "Test Accuracy": 62.19512195121951, "Test AUC": 0.6244019138755981, "Test Sensitivity": 0.6578947368421053, "Test Specificity": 0.5909090909090909, "Test F1": 0.6219512195121951, "Test Recall": 0.6219512195121951, "Test Precision": 0.6219512195121951, "Best Test Accuracy": 65.85365853658537, "Best Test AUC": 0.6327751196172249, "Best Test Sensitivity": 0.5526315789473685, "Best Test Specificity": 0.75, "_timestamp": 1692203536.8068202, "_runtime": 105.97874212265015, "_step": 99, "_wandb": {"runtime": 104}}