{"Train Loss": 0.28328183385244027, "Train Accuracy": 88.87665201598853, "Test Loss": 0.8934389447221661, "Test Accuracy": 54.45544554455446, "Test AUC": 0.6354003139717426, "Test Sensitivity": 0.5918367346938775, "Test Specificity": 0.5, "Test F1": 0.5445544554455446, "Test Recall": 0.5445544554455446, "Test Precision": 0.5445544554455446, "Best Test Accuracy": 61.386138613861384, "Best Test AUC": 0.6181318681318682, "Best Test Sensitivity": 0.4897959183673469, "Best Test Specificity": 0.7307692307692307, "_timestamp": 1692197419.25202, "_runtime": 94.22298288345337, "_step": 99, "_wandb": {"runtime": 92}}