{"Train Loss": 0.5356197761544047, "Train Accuracy": 74.88986787501936, "Test Loss": 0.7715790879608381, "Test Accuracy": 52.475247524752476, "Test AUC": 0.5341444270015698, "Test Sensitivity": 0.4897959183673469, "Test Specificity": 0.5576923076923077, "Test F1": 0.5247524752475248, "Test Recall": 0.5247524752475248, "Test Precision": 0.5247524752475248, "Best Test Accuracy": 57.42574257425743, "Best Test AUC": 0.5400313971742544, "Best Test Sensitivity": 0.3673469387755102, "Best Test Specificity": 0.7692307692307693, "_timestamp": 1692198934.085728, "_runtime": 109.51995801925659, "_step": 99, "_wandb": {"runtime": 107}}