{"Train Loss": 0.0694893118043303, "Train Accuracy": 99.8898678414097, "Test Loss": 0.8144871090898419, "Test Accuracy": 61.386138613861384, "Test AUC": 0.6879905808477238, "Test Sensitivity": 0.6326530612244898, "Test Specificity": 0.5961538461538461, "Test F1": 0.6138613861386139, "Test Recall": 0.6138613861386139, "Test Precision": 0.6138613861386139, "Best Test Accuracy": 67.32673267326733, "Best Test AUC": 0.673469387755102, "Best Test Sensitivity": 0.5714285714285714, "Best Test Specificity": 0.7692307692307693, "_timestamp": 1692169901.7850196, "_runtime": 86.35385870933533, "_step": 99, "_wandb": {"runtime": 85}}