{"Train Loss": 0.003017098577820683, "Train Accuracy": 100.0, "Test Loss": 1.2878987498399688, "Test Accuracy": 63.41463414634146, "Test AUC": 0.7141148325358851, "Test Sensitivity": 0.6842105263157895, "Test Specificity": 0.5909090909090909, "Test F1": 0.6341463414634146, "Test Recall": 0.6341463414634146, "Test Precision": 0.6341463414634146, "Best Test Accuracy": 70.73170731707317, "Best Test AUC": 0.757177033492823, "Best Test Sensitivity": 0.47368421052631576, "Best Test Specificity": 0.9090909090909091, "_timestamp": 1692194288.3305674, "_runtime": 74.93006944656372, "_step": 99, "_wandb": {"runtime": 72}}