{"Train Loss": 0.09862246790977373, "Train Accuracy": 99.58904109589041, "Test Loss": 1.1115944727164944, "Test Accuracy": 53.65853658536585, "Test AUC": 0.6288288288288287, "Test Sensitivity": 0.4222222222222222, "Test Specificity": 0.6756756756756757, "Test F1": 0.5365853658536586, "Test Recall": 0.5365853658536586, "Test Precision": 0.5365853658536586, "Best Test Accuracy": 68.29268292682927, "Best Test AUC": 0.6864864864864865, "Best Test Sensitivity": 0.6888888888888889, "Best Test Specificity": 0.6756756756756757, "_timestamp": 1692170967.0544405, "_runtime": 147.38067054748535, "_step": 99, "_wandb": {"runtime": 145}}