{"Train Loss": 0.07615081330818751, "Train Accuracy": 99.33920704845815, "Test Loss": 0.7745976076267733, "Test Accuracy": 67.32673267326733, "Test AUC": 0.7048665620094191, "Test Sensitivity": 0.6938775510204082, "Test Specificity": 0.6538461538461539, "Test F1": 0.6732673267326733, "Test Recall": 0.6732673267326733, "Test Precision": 0.6732673267326733, "Best Test Accuracy": 71.2871287128713, "Best Test AUC": 0.717425431711146, "Best Test Sensitivity": 0.6938775510204082, "Best Test Specificity": 0.7307692307692307, "_timestamp": 1692170091.8055005, "_runtime": 88.68536949157715, "_step": 99, "_wandb": {"runtime": 86}}