{"Train Loss": 0.4327166715393896, "Train Accuracy": 81.52173913043478, "Test Loss": 0.6026959192185175, "Test Accuracy": 71.42857142857143, "Best Test Accuracy": 71.42857142857143, "Test AUC": 0.7545454545454545, "Test Sensitivity": 0.9, "Test Specificity": 0.5454545454545454, "Test F1": 0.7142857142857143, "Test Recall": 0.7142857142857143, "Test Precision": 0.7142857142857143, "_timestamp": 1692082957.9353366, "_runtime": 39.86882567405701, "_step": 99, "_wandb": {"runtime": 38}}