{"Train Loss": 0.40186325344320845, "Train Accuracy": 84.65753424657534, "Test Loss": 0.6291665289460159, "Test Accuracy": 67.07317073170732, "Test AUC": 0.7507507507507507, "Test Sensitivity": 0.6444444444444445, "Test Specificity": 0.7027027027027027, "Test F1": 0.6707317073170732, "Test Recall": 0.6707317073170732, "Test Precision": 0.6707317073170732, "Best Test Accuracy": 73.17073170731707, "Best Test AUC": 0.7495495495495496, "Best Test Sensitivity": 0.7555555555555555, "Best Test Specificity": 0.7027027027027027, "_timestamp": 1692164412.9789796, "_runtime": 174.74527168273926, "_step": 99, "_wandb": {"runtime": 173}}