{"Train Loss": 0.36435639700700534, "Train Accuracy": 84.36123348017621, "Test Loss": 0.988994580094177, "Test Accuracy": 62.37623762376238, "Test AUC": 0.6628728414442701, "Test Sensitivity": 0.673469387755102, "Test Specificity": 0.5769230769230769, "Test F1": 0.6237623762376238, "Test Recall": 0.6237623762376238, "Test Precision": 0.6237623762376238, "Best Test Accuracy": 65.34653465346534, "Best Test AUC": 0.6762166405023549, "Best Test Sensitivity": 0.6326530612244898, "Best Test Specificity": 0.6730769230769231, "_timestamp": 1692201085.5919793, "_runtime": 106.36437726020813, "_step": 99, "_wandb": {"runtime": 104}}