{"Train Loss": 0.30633259844290067, "Train Accuracy": 88.35616438356165, "Test Loss": 0.6421870636503871, "Test Accuracy": 67.07317073170732, "Best Test Accuracy": 74.39024390243902, "Test AUC": 0.73993993993994, "Test Sensitivity": 0.6, "Test Specificity": 0.7567567567567568, "Test F1": 0.6707317073170732, "Test Recall": 0.6707317073170732, "Test Precision": 0.6707317073170732, "_timestamp": 1692083547.6123223, "_runtime": 130.8270664215088, "_step": 99, "_wandb": {"runtime": 129}}