{"Train Loss": 0.5881292132028925, "Train Accuracy": 71.36563880012949, "Test Loss": 0.7177319550278163, "Test Accuracy": 55.445544554455445, "Test AUC": 0.5302197802197802, "Test Sensitivity": 0.5714285714285714, "Test Specificity": 0.5384615384615384, "Test F1": 0.5544554455445545, "Test Recall": 0.5544554455445545, "Test Precision": 0.5544554455445545, "Best Test Accuracy": 57.42574257425743, "Best Test AUC": 0.5141287284144427, "Best Test Sensitivity": 0.5306122448979592, "Best Test Specificity": 0.6153846153846154, "_timestamp": 1692163018.5479422, "_runtime": 108.72211122512817, "_step": 99, "_wandb": {"runtime": 106}}