{"Train Loss": 0.14558825569405948, "Train Accuracy": 98.08219178082192, "Test Loss": 0.6959122273980117, "Test Accuracy": 58.53658536585366, "Test AUC": 0.715311004784689, "Test Sensitivity": 0.5526315789473685, "Test Specificity": 0.6136363636363636, "Test F1": 0.5853658536585366, "Test Recall": 0.5853658536585366, "Test Precision": 0.5853658536585366, "Best Test Accuracy": 68.29268292682927, "Best Test AUC": 0.7087320574162679, "Best Test Sensitivity": 0.4473684210526316, "Best Test Specificity": 0.8863636363636364, "_timestamp": 1692171570.9817836, "_runtime": 72.93623352050781, "_step": 99, "_wandb": {"runtime": 71}}