{"Train Loss": 0.3971533364220841, "Train Accuracy": 83.01369863013699, "Test Loss": 0.5947189592733616, "Test Accuracy": 64.63414634146342, "Best Test Accuracy": 68.29268292682927, "Test AUC": 0.7398325358851674, "Test Sensitivity": 0.6578947368421053, "Test Specificity": 0.6363636363636364, "Test F1": 0.6463414634146342, "Test Recall": 0.6463414634146342, "Test Precision": 0.6463414634146342, "_timestamp": 1692083889.603879, "_runtime": 58.70853900909424, "_step": 99, "_wandb": {"runtime": 57}}