{"Train Loss": 0.0008011984407633849, "Train Accuracy": 100.0, "Test Loss": 2.1033238477823213, "Test Accuracy": 62.19512195121951, "Test AUC": 0.6972972972972973, "Test Sensitivity": 0.5555555555555556, "Test Specificity": 0.7027027027027027, "Test F1": 0.6219512195121951, "Test Recall": 0.6219512195121951, "Test Precision": 0.6219512195121951, "Best Test Accuracy": 74.39024390243902, "Best Test AUC": 0.7651651651651652, "Best Test Sensitivity": 0.7777777777777778, "Best Test Specificity": 0.7027027027027027, "_timestamp": 1692247345.319784, "_runtime": 150.5902328491211, "_step": 99, "_wandb": {"runtime": 148}}