{"Train Loss": 0.3204762902575759, "Train Accuracy": 89.21417565485362, "Test Loss": 0.8142712087166019, "Test Accuracy": 56.09756097560975, "Best Test Accuracy": 63.41463414634146, "Test AUC": 0.5881261595547309, "Test Sensitivity": 0.3939393939393939, "Test Specificity": 0.673469387755102, "Test F1": 0.5609756097560976, "Test Recall": 0.5609756097560976, "Test Precision": 0.5609756097560976, "_timestamp": 1692081333.4523282, "_runtime": 114.87799429893494, "_step": 99, "_wandb": {"runtime": 113}}