{"Train Loss": 0.6813362785007643, "Train Accuracy": 55.97826086956522, "Test Loss": 0.7046715872628349, "Test Accuracy": 47.61904761904762, "Test AUC": 0.6363636363636362, "Test Sensitivity": 1.0, "Test Specificity": 0.0, "Test F1": 0.47619047619047616, "Test Recall": 0.47619047619047616, "Test Precision": 0.47619047619047616, "Best Test Accuracy": 52.38095238095238, "Best Test AUC": 0.5454545454545454, "Best Test Sensitivity": 0.0, "Best Test Specificity": 1.0, "_timestamp": 1692163954.3328688, "_runtime": 73.62145972251892, "_step": 99, "_wandb": {"runtime": 71}}