{"Train Loss": 0.4004320749102185, "Train Accuracy": 82.04845821699907, "Test Loss": 1.0944177360817937, "Test Accuracy": 48.51485148514851, "Test AUC": 0.5019623233908947, "Test Sensitivity": 0.5306122448979592, "Test Specificity": 0.4423076923076923, "Test F1": 0.48514851485148514, "Test Recall": 0.48514851485148514, "Test Precision": 0.48514851485148514, "Best Test Accuracy": 54.45544554455446, "Best Test AUC": 0.5011773940345369, "Best Test Sensitivity": 0.4897959183673469, "Best Test Specificity": 0.5961538461538461, "_timestamp": 1692193559.7070677, "_runtime": 106.12912583351135, "_step": 99, "_wandb": {"runtime": 104}}