{"Train Loss": 0.06737415545607266, "Train Accuracy": 99.17808219178082, "Test Loss": 1.204380163332311, "Test Accuracy": 63.41463414634146, "Test AUC": 0.6578947368421053, "Test Sensitivity": 0.6578947368421053, "Test Specificity": 0.6136363636363636, "Test F1": 0.6341463414634146, "Test Recall": 0.6341463414634146, "Test Precision": 0.6341463414634146, "Best Test Accuracy": 68.29268292682927, "Best Test AUC": 0.7105263157894736, "Best Test Sensitivity": 0.6052631578947368, "Best Test Specificity": 0.75, "_timestamp": 1692245637.9784405, "_runtime": 74.70157957077026, "_step": 99, "_wandb": {"runtime": 73}}