{"Train Loss": 0.003005027361469318, "Train Accuracy": 100.0, "Test Loss": 1.5615233095680796, "Test Accuracy": 64.63414634146342, "Test AUC": 0.674043062200957, "Test Sensitivity": 0.6052631578947368, "Test Specificity": 0.6818181818181818, "Test F1": 0.6463414634146342, "Test Recall": 0.6463414634146342, "Test Precision": 0.6463414634146342, "Best Test Accuracy": 69.51219512195122, "Best Test AUC": 0.7177033492822966, "Best Test Sensitivity": 0.47368421052631576, "Best Test Specificity": 0.8863636363636364, "_timestamp": 1692205408.9531415, "_runtime": 73.79875540733337, "_step": 99, "_wandb": {"runtime": 72}}