{"Train Loss": 0.0029156957351130575, "Train Accuracy": 100.0, "Test Loss": 1.5400838910079584, "Test Accuracy": 60.97560975609756, "Test AUC": 0.6794258373205742, "Test Sensitivity": 0.631578947368421, "Test Specificity": 0.5909090909090909, "Test F1": 0.6097560975609756, "Test Recall": 0.6097560975609756, "Test Precision": 0.6097560975609756, "Best Test Accuracy": 68.29268292682927, "Best Test AUC": 0.7308612440191389, "Best Test Sensitivity": 0.5526315789473685, "Best Test Specificity": 0.7954545454545454, "_timestamp": 1692246926.7224884, "_runtime": 74.00424647331238, "_step": 99, "_wandb": {"runtime": 73}}