{"Train Loss": 0.1896659412035128, "Train Accuracy": 98.17073170731707, "Test Loss": 0.829479109673273, "Test Accuracy": 57.142857142857146, "Best Test Accuracy": 66.66666666666667, "Test AUC": 0.5, "Test Sensitivity": 0.6923076923076923, "Test Specificity": 0.375, "Test F1": 0.5714285714285714, "Test Recall": 0.5714285714285714, "Test Precision": 0.5714285714285714, "_timestamp": 1692081052.5307817, "_runtime": 17.495861768722534, "_step": 99, "_wandb": {"runtime": 15}}