{"Train Loss": 0.24678091595812543, "Train Accuracy": 96.95121951219512, "Test Loss": 0.8185772555215018, "Test Accuracy": 57.142857142857146, "Best Test Accuracy": 66.66666666666667, "Test AUC": 0.4903846153846154, "Test Sensitivity": 0.6153846153846154, "Test Specificity": 0.5, "Test F1": 0.5714285714285714, "Test Recall": 0.5714285714285714, "Test Precision": 0.5714285714285714, "_timestamp": 1692081075.4874618, "_runtime": 17.8203067779541, "_step": 99, "_wandb": {"runtime": 15}}