{"Train Loss": 0.013279202050003021, "Train Accuracy": 99.45652173913044, "Test Loss": 1.8534485271998815, "Test Accuracy": 61.904761904761905, "Test AUC": 0.7090909090909091, "Test Sensitivity": 0.6, "Test Specificity": 0.6363636363636364, "Test F1": 0.6190476190476191, "Test Recall": 0.6190476190476191, "Test Precision": 0.6190476190476191, "Best Test Accuracy": 76.19047619047619, "Best Test AUC": 0.6545454545454545, "Best Test Sensitivity": 1.0, "Best Test Specificity": 0.5454545454545454, "_timestamp": 1692193615.4260826, "_runtime": 49.10057854652405, "_step": 99, "_wandb": {"runtime": 47}}