{"Train Loss": 0.003052787391519914, "Train Accuracy": 100.0, "Test Loss": 1.579314731970066, "Test Accuracy": 62.19512195121951, "Test AUC": 0.6716507177033493, "Test Sensitivity": 0.6052631578947368, "Test Specificity": 0.6363636363636364, "Test F1": 0.6219512195121951, "Test Recall": 0.6219512195121951, "Test Precision": 0.6219512195121951, "Best Test Accuracy": 70.73170731707317, "Best Test AUC": 0.6668660287081339, "Best Test Sensitivity": 0.5, "Best Test Specificity": 0.8863636363636364, "_timestamp": 1692205489.8861146, "_runtime": 73.44213271141052, "_step": 99, "_wandb": {"runtime": 71}}