{"Train Loss": 0.0022354445247974707, "Train Accuracy": 100.0, "Test Loss": 2.132914660856175, "Test Accuracy": 64.63414634146342, "Test AUC": 0.7195195195195194, "Test Sensitivity": 0.6, "Test Specificity": 0.7027027027027027, "Test F1": 0.6463414634146342, "Test Recall": 0.6463414634146342, "Test Precision": 0.6463414634146342, "Best Test Accuracy": 69.51219512195122, "Best Test AUC": 0.7651651651651652, "Best Test Sensitivity": 0.5777777777777777, "Best Test Specificity": 0.8378378378378378, "_timestamp": 1692204019.3240767, "_runtime": 211.24189376831055, "_step": 99, "_wandb": {"runtime": 209}}