{"Train Loss": 0.01532911693515337, "Train Accuracy": 98.91304347826087, "Test Loss": 1.2490229038965135, "Test Accuracy": 61.904761904761905, "Test AUC": 0.7545454545454545, "Test Sensitivity": 0.8, "Test Specificity": 0.45454545454545453, "Test F1": 0.6190476190476191, "Test Recall": 0.6190476190476191, "Test Precision": 0.6190476190476191, "Best Test Accuracy": 76.19047619047619, "Best Test AUC": 0.7181818181818183, "Best Test Sensitivity": 0.9, "Best Test Specificity": 0.6363636363636364, "_timestamp": 1692197521.1202462, "_runtime": 45.394965171813965, "_step": 99, "_wandb": {"runtime": 43}}