{"Train Loss": 0.5837251168230305, "Train Accuracy": 71.19565217391305, "Test Loss": 0.6400606887681144, "Test Accuracy": 71.42857142857143, "Test AUC": 0.6636363636363636, "Test Sensitivity": 0.9, "Test Specificity": 0.5454545454545454, "Test F1": 0.7142857142857143, "Test Recall": 0.7142857142857143, "Test Precision": 0.7142857142857143, "Best Test Accuracy": 76.19047619047619, "Best Test AUC": 0.6545454545454544, "Best Test Sensitivity": 1.0, "Best Test Specificity": 0.5454545454545454, "_timestamp": 1692199291.9972548, "_runtime": 74.53768277168274, "_step": 99, "_wandb": {"runtime": 72}}