{"Train Loss": 0.004212854561367224, "Train Accuracy": 100.0, "Test Loss": 1.647428857217921, "Test Accuracy": 60.396039603960396, "Test AUC": 0.6875981161695447, "Test Sensitivity": 0.5918367346938775, "Test Specificity": 0.6153846153846154, "Test F1": 0.6039603960396039, "Test Recall": 0.6039603960396039, "Test Precision": 0.6039603960396039, "Best Test Accuracy": 70.29702970297029, "Best Test AUC": 0.7205651491365777, "Best Test Sensitivity": 0.7346938775510204, "Best Test Specificity": 0.6730769230769231, "_timestamp": 1692203548.7728858, "_runtime": 123.05698275566101, "_step": 99, "_wandb": {"runtime": 122}}