{"Train Loss": 0.4317939851595008, "Train Accuracy": 85.8695652173913, "Test Loss": 0.6759842520668393, "Test Accuracy": 52.38095238095238, "Test AUC": 0.6363636363636364, "Test Sensitivity": 0.8, "Test Specificity": 0.2727272727272727, "Test F1": 0.5238095238095238, "Test Recall": 0.5238095238095238, "Test Precision": 0.5238095238095238, "Best Test Accuracy": 66.66666666666667, "Best Test AUC": 0.6909090909090909, "Best Test Sensitivity": 0.7, "Best Test Specificity": 0.6363636363636364, "_timestamp": 1692170506.8194847, "_runtime": 38.209622621536255, "_step": 99, "_wandb": {"runtime": 36}}