{"Train Loss": 0.027915744580430526, "Train Accuracy": 100.0, "Test Loss": 1.3102441938911997, "Test Accuracy": 64.63414634146342, "Test AUC": 0.6818181818181819, "Test Sensitivity": 0.6842105263157895, "Test Specificity": 0.6136363636363636, "Test F1": 0.6463414634146342, "Test Recall": 0.6463414634146342, "Test Precision": 0.6463414634146342, "Best Test Accuracy": 74.39024390243902, "Best Test AUC": 0.7494019138755981, "Best Test Sensitivity": 0.7105263157894737, "Best Test Specificity": 0.7727272727272727, "_timestamp": 1692198439.833366, "_runtime": 68.71448302268982, "_step": 99, "_wandb": {"runtime": 67}}