{"Train Loss": 0.5863942743980721, "Train Accuracy": 69.45205479452055, "Test Loss": 0.6589846392957176, "Test Accuracy": 65.85365853658537, "Test AUC": 0.6836124401913876, "Test Sensitivity": 0.6578947368421053, "Test Specificity": 0.6590909090909091, "Test F1": 0.6585365853658537, "Test Recall": 0.6585365853658537, "Test Precision": 0.6585365853658537, "Best Test Accuracy": 69.51219512195122, "Best Test AUC": 0.6698564593301436, "Best Test Sensitivity": 0.7105263157894737, "Best Test Specificity": 0.6818181818181818, "_timestamp": 1692200973.3790178, "_runtime": 89.62463283538818, "_step": 99, "_wandb": {"runtime": 88}}