{"Train Loss": 0.44053848670876544, "Train Accuracy": 82.6086956521739, "Test Loss": 0.6253008587019784, "Test Accuracy": 71.42857142857143, "Best Test Accuracy": 76.19047619047619, "Test AUC": 0.7545454545454545, "Test Sensitivity": 0.9, "Test Specificity": 0.5454545454545454, "Test F1": 0.7142857142857143, "Test Recall": 0.7142857142857143, "Test Precision": 0.7142857142857143, "_timestamp": 1692083097.436389, "_runtime": 40.58664894104004, "_step": 99, "_wandb": {"runtime": 38}}