{"Train Loss": 0.014757711359340212, "Train Accuracy": 99.45652173913044, "Test Loss": 0.7558634423074269, "Test Accuracy": 61.904761904761905, "Test AUC": 0.7636363636363637, "Test Sensitivity": 0.7, "Test Specificity": 0.5454545454545454, "Test F1": 0.6190476190476191, "Test Recall": 0.6190476190476191, "Test Precision": 0.6190476190476191, "Best Test Accuracy": 80.95238095238095, "Best Test AUC": 0.8272727272727273, "Best Test Sensitivity": 1.0, "Best Test Specificity": 0.6363636363636364, "_timestamp": 1692197470.8381984, "_runtime": 43.83107137680054, "_step": 99, "_wandb": {"runtime": 42}}