{"Train Loss": 0.4508085334137695, "Train Accuracy": 79.17808219178082, "Test Loss": 0.6485311138193782, "Test Accuracy": 73.17073170731707, "Test AUC": 0.7453453453453454, "Test Sensitivity": 0.7333333333333333, "Test Specificity": 0.7297297297297297, "Test F1": 0.7317073170731707, "Test Recall": 0.7317073170731707, "Test Precision": 0.7317073170731707, "Best Test Accuracy": 74.39024390243902, "Best Test AUC": 0.7405405405405406, "Best Test Sensitivity": 0.6888888888888889, "Best Test Specificity": 0.8108108108108109, "_timestamp": 1692199680.7365143, "_runtime": 303.2546753883362, "_step": 99, "_wandb": {"runtime": 301}}