{"Train Loss": 0.048191682810652746, "Train Accuracy": 99.86301369863014, "Test Loss": 1.4879970754065164, "Test Accuracy": 57.31707317073171, "Test AUC": 0.6327751196172249, "Test Sensitivity": 0.47368421052631576, "Test Specificity": 0.6590909090909091, "Test F1": 0.573170731707317, "Test Recall": 0.573170731707317, "Test Precision": 0.573170731707317, "Best Test Accuracy": 68.29268292682927, "Best Test AUC": 0.7069377990430622, "Best Test Sensitivity": 0.6842105263157895, "Best Test Specificity": 0.6818181818181818, "_timestamp": 1692203425.3209019, "_runtime": 75.43766498565674, "_step": 99, "_wandb": {"runtime": 74}}