{"Train Loss": 0.42157134543294494, "Train Accuracy": 86.95652173913044, "Test Loss": 0.5931022053673154, "Test Accuracy": 80.95238095238095, "Best Test Accuracy": 85.71428571428571, "Test AUC": 0.790909090909091, "Test Sensitivity": 0.9, "Test Specificity": 0.7272727272727273, "Test F1": 0.8095238095238095, "Test Recall": 0.8095238095238095, "Test Precision": 0.8095238095238095, "_timestamp": 1692083052.1607022, "_runtime": 41.914326190948486, "_step": 99, "_wandb": {"runtime": 40}}