{"Train Loss": 0.385687022013207, "Train Accuracy": 84.10958904109589, "Test Loss": 0.6521244775958177, "Test Accuracy": 63.41463414634146, "Best Test Accuracy": 67.07317073170732, "Test AUC": 0.7123205741626795, "Test Sensitivity": 0.631578947368421, "Test Specificity": 0.6363636363636364, "Test F1": 0.6341463414634146, "Test Recall": 0.6341463414634146, "Test Precision": 0.6341463414634146, "_timestamp": 1692083956.6691532, "_runtime": 60.547420263290405, "_step": 99, "_wandb": {"runtime": 58}}