{"Train Loss": 0.004264138267675029, "Train Accuracy": 100.0, "Test Loss": 1.4000364093497248, "Test Accuracy": 65.34653465346534, "Test AUC": 0.7331240188383046, "Test Sensitivity": 0.6326530612244898, "Test Specificity": 0.6730769230769231, "Test F1": 0.6534653465346535, "Test Recall": 0.6534653465346535, "Test Precision": 0.6534653465346535, "Best Test Accuracy": 70.29702970297029, "Best Test AUC": 0.7288069073783359, "Best Test Sensitivity": 0.5102040816326531, "Best Test Specificity": 0.8846153846153846, "_timestamp": 1692204837.6617825, "_runtime": 89.17105150222778, "_step": 99, "_wandb": {"runtime": 88}}