{"Train Loss": 0.4710520836750316, "Train Accuracy": 78.19383259911895, "Test Loss": 0.7053115385593755, "Test Accuracy": 63.366336633663366, "Best Test Accuracy": 65.34653465346534, "Test AUC": 0.6593406593406593, "Test Sensitivity": 0.6530612244897959, "Test Specificity": 0.6153846153846154, "Test F1": 0.6336633663366337, "Test Recall": 0.6336633663366337, "Test Precision": 0.6336633663366337, "_timestamp": 1692082865.6758919, "_runtime": 79.5503318309784, "_step": 99, "_wandb": {"runtime": 78}}