{"Train Loss": 0.4763414880777771, "Train Accuracy": 78.08370044052863, "Test Loss": 0.6920009084267191, "Test Accuracy": 64.35643564356435, "Best Test Accuracy": 66.33663366336634, "Test AUC": 0.6832810047095761, "Test Sensitivity": 0.6530612244897959, "Test Specificity": 0.6346153846153846, "Test F1": 0.6435643564356436, "Test Recall": 0.6435643564356436, "Test Precision": 0.6435643564356436, "_timestamp": 1692082524.5615308, "_runtime": 79.78216075897217, "_step": 99, "_wandb": {"runtime": 78}}