{"Train Loss": 0.06489602243322633, "Train Accuracy": 99.77973568281938, "Test Loss": 0.748652868636764, "Test Accuracy": 70.29702970297029, "Test AUC": 0.7346938775510203, "Test Sensitivity": 0.7551020408163265, "Test Specificity": 0.6538461538461539, "Test F1": 0.7029702970297029, "Test Recall": 0.7029702970297029, "Test Precision": 0.7029702970297029, "Best Test Accuracy": 72.27722772277228, "Best Test AUC": 0.737833594976452, "Best Test Sensitivity": 0.7346938775510204, "Best Test Specificity": 0.7115384615384616, "_timestamp": 1692170282.7004912, "_runtime": 90.17272114753723, "_step": 99, "_wandb": {"runtime": 87}}