{"Train Loss": 0.11403855124156768, "Train Accuracy": 99.17808219178082, "Test Loss": 1.12984487777803, "Test Accuracy": 54.8780487804878, "Test AUC": 0.6282282282282281, "Test Sensitivity": 0.4444444444444444, "Test Specificity": 0.6756756756756757, "Test F1": 0.5487804878048781, "Test Recall": 0.5487804878048781, "Test Precision": 0.5487804878048781, "Best Test Accuracy": 65.85365853658537, "Best Test AUC": 0.6420420420420421, "Best Test Sensitivity": 0.7777777777777778, "Best Test Specificity": 0.5135135135135135, "_timestamp": 1692171254.8402853, "_runtime": 130.38583040237427, "_step": 99, "_wandb": {"runtime": 128}}