{"Train Loss": 0.10457157239522019, "Train Accuracy": 99.45205479452055, "Test Loss": 1.072917219705698, "Test Accuracy": 56.09756097560975, "Test AUC": 0.6750750750750752, "Test Sensitivity": 0.4444444444444444, "Test Specificity": 0.7027027027027027, "Test F1": 0.5609756097560976, "Test Recall": 0.5609756097560976, "Test Precision": 0.5609756097560976, "Best Test Accuracy": 68.29268292682927, "Best Test AUC": 0.6966966966966966, "Best Test Sensitivity": 0.6888888888888889, "Best Test Specificity": 0.6756756756756757, "_timestamp": 1692170660.0121415, "_runtime": 146.61603236198425, "_step": 99, "_wandb": {"runtime": 144}}