{"Train Loss": 0.0008157465284792324, "Train Accuracy": 100.0, "Test Loss": 1.725581750682578, "Test Accuracy": 67.07317073170732, "Test AUC": 0.7387387387387387, "Test Sensitivity": 0.6, "Test Specificity": 0.7567567567567568, "Test F1": 0.6707317073170732, "Test Recall": 0.6707317073170732, "Test Precision": 0.6707317073170732, "Best Test Accuracy": 73.17073170731707, "Best Test AUC": 0.7777777777777778, "Best Test Sensitivity": 0.8444444444444444, "Best Test Specificity": 0.5945945945945946, "_timestamp": 1692205328.497547, "_runtime": 146.37177801132202, "_step": 99, "_wandb": {"runtime": 144}}