{"Train Loss": 0.6856271831885629, "Train Accuracy": 55.97826086956522, "Test Loss": 0.7073726966267541, "Test Accuracy": 47.61904761904762, "Test AUC": 0.6181818181818182, "Test Sensitivity": 1.0, "Test Specificity": 0.0, "Test F1": 0.47619047619047616, "Test Recall": 0.47619047619047616, "Test Precision": 0.47619047619047616, "Best Test Accuracy": 47.61904761904762, "Best Test AUC": 0.7181818181818183, "Best Test Sensitivity": 1.0, "Best Test Specificity": 0.0, "_timestamp": 1692163874.82371, "_runtime": 74.77543687820435, "_step": 99, "_wandb": {"runtime": 71}}