{"Train Loss": 0.003798297356141296, "Train Accuracy": 100.0, "Test Loss": 1.2871708775510882, "Test Accuracy": 68.31683168316832, "Test AUC": 0.7421507064364207, "Test Sensitivity": 0.7755102040816326, "Test Specificity": 0.5961538461538461, "Test F1": 0.6831683168316832, "Test Recall": 0.6831683168316832, "Test Precision": 0.6831683168316832, "Best Test Accuracy": 70.29702970297029, "Best Test AUC": 0.7421507064364207, "Best Test Sensitivity": 0.7551020408163265, "Best Test Specificity": 0.6538461538461539, "_timestamp": 1692203803.8286908, "_runtime": 249.27059173583984, "_step": 99, "_wandb": {"runtime": 247}}