{"Train Loss": 0.2911784371995412, "Train Accuracy": 90.29275814814633, "Test Loss": 0.8391228594431063, "Test Accuracy": 54.8780487804878, "Best Test Accuracy": 62.19512195121951, "Test AUC": 0.601113172541744, "Test Sensitivity": 0.5151515151515151, "Test Specificity": 0.5714285714285714, "Test F1": 0.5487804878048781, "Test Recall": 0.5487804878048781, "Test Precision": 0.5487804878048781, "_timestamp": 1692081212.5434353, "_runtime": 131.07302021980286, "_step": 99, "_wandb": {"runtime": 129}}