{"Train Loss": 0.5953986355911792, "Train Accuracy": 69.16299559471365, "Test Loss": 0.7418319736376847, "Test Accuracy": 49.504950495049506, "Test AUC": 0.5259026687598116, "Test Sensitivity": 0.673469387755102, "Test Specificity": 0.3269230769230769, "Test F1": 0.49504950495049505, "Test Recall": 0.49504950495049505, "Test Precision": 0.49504950495049505, "Best Test Accuracy": 54.45544554455446, "Best Test AUC": 0.5259026687598117, "Best Test Sensitivity": 0.2857142857142857, "Best Test Specificity": 0.7884615384615384, "_timestamp": 1692162679.8937836, "_runtime": 102.55702352523804, "_step": 99, "_wandb": {"runtime": 100}}