{"Train Loss": 0.5526465977707954, "Train Accuracy": 74.10958904109589, "Test Loss": 0.6365423028062029, "Test Accuracy": 64.63414634146342, "Test AUC": 0.6901913875598086, "Test Sensitivity": 0.631578947368421, "Test Specificity": 0.6590909090909091, "Test F1": 0.6463414634146342, "Test Recall": 0.6463414634146342, "Test Precision": 0.6463414634146342, "Best Test Accuracy": 67.07317073170732, "Best Test AUC": 0.6812200956937798, "Best Test Sensitivity": 0.6052631578947368, "Best Test Specificity": 0.7272727272727273, "_timestamp": 1692166594.182933, "_runtime": 73.23261618614197, "_step": 99, "_wandb": {"runtime": 71}}