{"Train Loss": 0.5197872889724597, "Train Accuracy": 76.65198241246429, "Test Loss": 0.7632215837440869, "Test Accuracy": 56.43564356435643, "Test AUC": 0.5588697017268447, "Test Sensitivity": 0.5306122448979592, "Test Specificity": 0.5961538461538461, "Test F1": 0.5643564356435643, "Test Recall": 0.5643564356435643, "Test Precision": 0.5643564356435643, "Best Test Accuracy": 58.415841584158414, "Best Test AUC": 0.5380690737833594, "Best Test Sensitivity": 0.6326530612244898, "Best Test Specificity": 0.5384615384615384, "_timestamp": 1692199049.2134674, "_runtime": 109.11968636512756, "_step": 99, "_wandb": {"runtime": 107}}