{"Train Loss": 0.0027637913274540476, "Train Accuracy": 100.0, "Test Loss": 1.5182416190325123, "Test Accuracy": 58.53658536585366, "Test AUC": 0.7303303303303303, "Test Sensitivity": 0.5777777777777777, "Test Specificity": 0.5945945945945946, "Test F1": 0.5853658536585366, "Test Recall": 0.5853658536585366, "Test Precision": 0.5853658536585366, "Best Test Accuracy": 71.95121951219512, "Best Test AUC": 0.7507507507507507, "Best Test Sensitivity": 0.6888888888888889, "Best Test Specificity": 0.7567567567567568, "_timestamp": 1692198286.154491, "_runtime": 161.5618269443512, "_step": 99, "_wandb": {"runtime": 159}}