{"Train Loss": 0.4713066676708117, "Train Accuracy": 78.9041095890411, "Test Loss": 0.6032149108444772, "Test Accuracy": 68.29268292682927, "Test AUC": 0.7753753753753753, "Test Sensitivity": 0.5777777777777777, "Test Specificity": 0.8108108108108109, "Test F1": 0.6829268292682927, "Test Recall": 0.6829268292682927, "Test Precision": 0.6829268292682927, "Best Test Accuracy": 74.39024390243902, "Best Test AUC": 0.745945945945946, "Best Test Sensitivity": 0.7111111111111111, "Best Test Specificity": 0.7837837837837838, "_timestamp": 1692164592.3339615, "_runtime": 173.62998151779175, "_step": 99, "_wandb": {"runtime": 171}}