{"Train Loss": 0.42998458930890854, "Train Accuracy": 81.78082191780823, "Test Loss": 0.6246640634972874, "Test Accuracy": 71.95121951219512, "Test AUC": 0.757957957957958, "Test Sensitivity": 0.6666666666666666, "Test Specificity": 0.7837837837837838, "Test F1": 0.7195121951219512, "Test Recall": 0.7195121951219512, "Test Precision": 0.7195121951219512, "Best Test Accuracy": 75.60975609756098, "Best Test AUC": 0.7675675675675675, "Best Test Sensitivity": 0.7111111111111111, "Best Test Specificity": 0.8108108108108109, "_timestamp": 1692193355.3156328, "_runtime": 292.9887728691101, "_step": 99, "_wandb": {"runtime": 291}}