{"Train Loss": 0.013234393326970547, "Train Accuracy": 98.91304347826087, "Test Loss": 1.224081575870514, "Test Accuracy": 66.66666666666667, "Test AUC": 0.7272727272727272, "Test Sensitivity": 0.7, "Test Specificity": 0.6363636363636364, "Test F1": 0.6666666666666666, "Test Recall": 0.6666666666666666, "Test Precision": 0.6666666666666666, "Best Test Accuracy": 71.42857142857143, "Best Test AUC": 0.7181818181818181, "Best Test Sensitivity": 0.7, "Best Test Specificity": 0.7272727272727273, "_timestamp": 1692201526.4783719, "_runtime": 46.24828791618347, "_step": 99, "_wandb": {"runtime": 44}}