{"Train Loss": 0.5805127568866896, "Train Accuracy": 67.93478260869566, "Test Loss": 0.6412960007077172, "Test Accuracy": 71.42857142857143, "Test AUC": 0.6545454545454544, "Test Sensitivity": 1.0, "Test Specificity": 0.45454545454545453, "Test F1": 0.7142857142857143, "Test Recall": 0.7142857142857143, "Test Precision": 0.7142857142857143, "Best Test Accuracy": 71.42857142857143, "Best Test AUC": 0.6545454545454545, "Best Test Sensitivity": 1.0, "Best Test Specificity": 0.45454545454545453, "_timestamp": 1692199210.4601011, "_runtime": 74.40744805335999, "_step": 99, "_wandb": {"runtime": 72}}