{"Train Loss": 0.5546902469966722, "Train Accuracy": 78.80434782608695, "Test Loss": 0.6325889996119908, "Test Accuracy": 61.904761904761905, "Test AUC": 0.6727272727272727, "Test Sensitivity": 0.8, "Test Specificity": 0.45454545454545453, "Test F1": 0.6190476190476191, "Test Recall": 0.6190476190476191, "Test Precision": 0.6190476190476191, "Best Test Accuracy": 71.42857142857143, "Best Test AUC": 0.6636363636363637, "Best Test Sensitivity": 1.0, "Best Test Specificity": 0.45454545454545453, "_timestamp": 1692163532.7873843, "_runtime": 44.97972130775452, "_step": 99, "_wandb": {"runtime": 43}}