{"Train Loss": 0.0031883908550522917, "Train Accuracy": 100.0, "Test Loss": 1.671894479088667, "Test Accuracy": 70.73170731707317, "Test AUC": 0.7333333333333333, "Test Sensitivity": 0.6666666666666666, "Test Specificity": 0.7567567567567568, "Test F1": 0.7073170731707317, "Test Recall": 0.7073170731707317, "Test Precision": 0.7073170731707317, "Best Test Accuracy": 76.82926829268293, "Best Test AUC": 0.7627627627627629, "Best Test Sensitivity": 0.7777777777777778, "Best Test Specificity": 0.7567567567567568, "_timestamp": 1692192786.2272255, "_runtime": 157.62401962280273, "_step": 99, "_wandb": {"runtime": 156}}