{"Train Loss": 0.003622547047187204, "Train Accuracy": 100.0, "Test Loss": 1.8144332695207217, "Test Accuracy": 67.07317073170732, "Test AUC": 0.7471471471471471, "Test Sensitivity": 0.6, "Test Specificity": 0.7567567567567568, "Test F1": 0.6707317073170732, "Test Recall": 0.6707317073170732, "Test Precision": 0.6707317073170732, "Best Test Accuracy": 71.95121951219512, "Best Test AUC": 0.7609609609609609, "Best Test Sensitivity": 0.8222222222222222, "Best Test Specificity": 0.5945945945945946, "_timestamp": 1692245929.2948043, "_runtime": 203.11903429031372, "_step": 99, "_wandb": {"runtime": 201}}