{"Train Loss": 0.6099666871436654, "Train Accuracy": 69.17808219178082, "Test Loss": 0.6703319636786856, "Test Accuracy": 60.97560975609756, "Test AUC": 0.6672672672672673, "Test Sensitivity": 0.4666666666666667, "Test Specificity": 0.7837837837837838, "Test F1": 0.6097560975609756, "Test Recall": 0.6097560975609756, "Test Precision": 0.6097560975609756, "Best Test Accuracy": 63.41463414634146, "Best Test AUC": 0.6708708708708708, "Best Test Sensitivity": 0.5111111111111111, "Best Test Specificity": 0.7837837837837838, "_timestamp": 1692166126.802726, "_runtime": 287.03459095954895, "_step": 99, "_wandb": {"runtime": 285}}