{"Train Loss": 0.025366870888873287, "Train Accuracy": 99.45652173913044, "Test Loss": 1.7400639284224737, "Test Accuracy": 47.61904761904762, "Test AUC": 0.609090909090909, "Test Sensitivity": 0.6, "Test Specificity": 0.36363636363636365, "Test F1": 0.47619047619047616, "Test Recall": 0.47619047619047616, "Test Precision": 0.47619047619047616, "Best Test Accuracy": 61.904761904761905, "Best Test AUC": 0.5909090909090909, "Best Test Sensitivity": 0.8, "Best Test Specificity": 0.45454545454545453, "_timestamp": 1692201556.7049372, "_runtime": 24.618714332580566, "_step": 46}