{"Train Loss": 0.0008079608886387863, "Train Accuracy": 100.0, "Test Loss": 1.9292131738691796, "Test Accuracy": 69.51219512195122, "Test AUC": 0.7303303303303303, "Test Sensitivity": 0.6888888888888889, "Test Specificity": 0.7027027027027027, "Test F1": 0.6951219512195121, "Test Recall": 0.6951219512195121, "Test Precision": 0.6951219512195121, "Best Test Accuracy": 70.73170731707317, "Best Test AUC": 0.7747747747747747, "Best Test Sensitivity": 0.9555555555555556, "Best Test Specificity": 0.40540540540540543, "_timestamp": 1692194207.0889666, "_runtime": 148.4032826423645, "_step": 99, "_wandb": {"runtime": 146}}